id_medico,segmento_potencial,region,brick,id_delegado_asignado
MED0001,C,Noreste,NOR-20,DEL041
MED0002,B,Centro,CEN-19,DEL008
MED0003,C,Levante,LEV-17,DEL039
MED0004,C,Sur,SUR-11,DEL020
MED0005,C,Noroeste,NOR-03,DEL047
MED0006,B,Noroeste,NOR-09,DEL042
MED0007,C,Sur,SUR-26,DEL010
MED0008,C,Centro,CEN-24,DEL018
MED0009,C,Noroeste,NOR-03,DEL002
MED0010,B,Sur,SUR-20,DEL010
MED0011,A,Noroeste,NOR-13,DEL012
MED0012,B,Centro,CEN-01,DEL023
MED0013,C,Levante,LEV-14,DEL039
MED0014,C,Noreste,NOR-28,DEL006
MED0015,C,Sur,SUR-13,DEL010
MED0016,C,Noroeste,NOR-02,DEL007
MED0017,B,Noroeste,NOR-23,DEL042
MED0018,C,Centro,CEN-25,DEL003
MED0019,B,Centro,CEN-10,DEL023
MED0020,C,Noroeste,NOR-11,DEL007
MED0021,B,Levante,LEV-14,DEL034
MED0022,A,Sur,SUR-29,DEL020
MED0023,B,Centro,CEN-23,DEL033
MED0024,C,Noreste,NOR-11,DEL021
MED0025,B,Centro,CEN-10,DEL033
MED0026,B,Noroeste,NOR-29,DEL022
MED0027,A,Sur,SUR-19,DEL030
MED0028,C,Noroeste,NOR-18,DEL047
MED0029,C,Levante,LEV-17,DEL044
MED0030,B,Noroeste,NOR-08,DEL027
MED0031,C,Centro,CEN-04,DEL013
MED0032,C,Noroeste,NOR-14,DEL022
MED0033,C,Noreste,NOR-28,DEL021
MED0034,B,Levante,LEV-02,DEL034
MED0035,C,Sur,SUR-07,DEL010
MED0036,B,Sur,SUR-26,DEL040
MED0037,B,Noreste,NOR-04,DEL026
MED0038,B,Levante,LEV-14,DEL024
MED0039,B,Centro,CEN-08,DEL028
MED0040,A,Centro,CEN-26,DEL018
MED0041,B,Centro,CEN-08,DEL038
MED0042,B,Levante,LEV-04,DEL049
MED0043,C,Noreste,NOR-24,DEL016
MED0044,A,Levante,LEV-11,DEL039
MED0045,C,Centro,CEN-20,DEL023
MED0046,B,Noroeste,NOR-02,DEL002
MED0047,C,Levante,LEV-12,DEL039
MED0048,B,Noreste,NOR-30,DEL016
MED0049,B,Noreste,NOR-10,DEL011
MED0050,B,Centro,CEN-19,DEL018
MED0051,C,Noroeste,NOR-14,DEL002
MED0052,B,Sur,SUR-12,DEL015
MED0053,B,Noreste,NOR-20,DEL006
MED0054,B,Sur,SUR-17,DEL045
MED0055,B,Centro,CEN-14,DEL048
MED0056,B,Noreste,NOR-14,DEL046
MED0057,C,Noroeste,NOR-28,DEL017
MED0058,A,Noroeste,NOR-26,DEL002
MED0059,B,Noroeste,NOR-26,DEL007
MED0060,B,Noroeste,NOR-21,DEL032
MED0061,C,Levante,LEV-23,DEL039
MED0062,B,Noroeste,NOR-09,DEL047
MED0063,A,Centro,CEN-19,DEL038
MED0064,C,Centro,CEN-07,DEL008
MED0065,C,Sur,SUR-14,DEL045
MED0066,C,Centro,CEN-05,DEL043
MED0067,B,Noreste,NOR-17,DEL021
MED0068,B,Centro,CEN-23,DEL028
MED0069,B,Noroeste,NOR-29,DEL022
MED0070,A,Noreste,NOR-25,DEL021
MED0071,C,Sur,SUR-08,DEL050
MED0072,C,Noreste,NOR-07,DEL036
MED0073,B,Levante,LEV-24,DEL039
MED0074,C,Sur,SUR-28,DEL020
MED0075,B,Sur,SUR-10,DEL025
MED0076,A,Noreste,NOR-17,DEL001
MED0077,C,Noreste,NOR-21,DEL006
MED0078,C,Levante,LEV-28,DEL029
MED0079,B,Noreste,NOR-18,DEL011
MED0080,A,Centro,CEN-03,DEL013
MED0081,C,Sur,SUR-14,DEL020
MED0082,C,Levante,LEV-15,DEL044
MED0083,C,Noreste,NOR-20,DEL011
MED0084,C,Centro,CEN-12,DEL028
MED0085,A,Centro,CEN-23,DEL043
MED0086,B,Sur,SUR-30,DEL030
MED0087,C,Noreste,NOR-05,DEL016
MED0088,C,Levante,LEV-11,DEL049
MED0089,B,Levante,LEV-14,DEL039
MED0090,A,Levante,LEV-25,DEL024
MED0091,C,Noroeste,NOR-01,DEL027
MED0092,C,Centro,CEN-04,DEL048
MED0093,A,Noreste,NOR-21,DEL041
MED0094,B,Noroeste,NOR-19,DEL042
MED0095,B,Levante,LEV-07,DEL044
MED0096,B,Centro,CEN-17,DEL013
MED0097,C,Sur,SUR-11,DEL030
MED0098,B,Levante,LEV-18,DEL014
MED0099,C,Noroeste,NOR-09,DEL037
MED0100,C,Noreste,NOR-07,DEL001
MED0101,C,Noreste,NOR-13,DEL001
MED0102,C,Levante,LEV-26,DEL019
MED0103,C,Noroeste,NOR-10,DEL032
MED0104,C,Sur,SUR-27,DEL020
MED0105,C,Noroeste,NOR-19,DEL002
MED0106,B,Noreste,NOR-22,DEL041
MED0107,C,Noreste,NOR-30,DEL001
MED0108,A,Levante,LEV-27,DEL049
MED0109,C,Levante,LEV-26,DEL009
MED0110,B,Levante,LEV-11,DEL009
MED0111,A,Centro,CEN-25,DEL048
MED0112,B,Sur,SUR-06,DEL020
MED0113,B,Noreste,NOR-02,DEL021
MED0114,C,Centro,CEN-13,DEL008
MED0115,C,Centro,CEN-25,DEL013
MED0116,A,Levante,LEV-22,DEL034
MED0117,B,Centro,CEN-28,DEL013
MED0118,B,Levante,LEV-20,DEL024
MED0119,B,Noreste,NOR-25,DEL011
MED0120,B,Noroeste,NOR-19,DEL037
MED0121,C,Levante,LEV-02,DEL029
MED0122,A,Levante,LEV-19,DEL049
MED0123,B,Noreste,NOR-23,DEL026
MED0124,B,Centro,CEN-19,DEL043
MED0125,A,Centro,CEN-23,DEL008
MED0126,B,Noroeste,NOR-29,DEL032
MED0127,B,Sur,SUR-12,DEL045
MED0128,C,Centro,CEN-10,DEL028
MED0129,B,Centro,CEN-16,DEL013
MED0130,B,Levante,LEV-15,DEL009
MED0131,C,Noroeste,NOR-27,DEL027
MED0132,B,Noroeste,NOR-04,DEL007
MED0133,C,Centro,CEN-20,DEL018
MED0134,A,Centro,CEN-26,DEL033
MED0135,C,Noreste,NOR-17,DEL046
MED0136,C,Noreste,NOR-22,DEL036
MED0137,B,Noreste,NOR-01,DEL011
MED0138,C,Sur,SUR-02,DEL020
MED0139,C,Noreste,NOR-15,DEL041
MED0140,C,Sur,SUR-20,DEL015
MED0141,C,Noreste,NOR-06,DEL041
MED0142,B,Noreste,NOR-21,DEL036
MED0143,C,Noreste,NOR-18,DEL021
MED0144,B,Levante,LEV-07,DEL009
MED0145,B,Noreste,NOR-26,DEL036
MED0146,B,Levante,LEV-27,DEL024
MED0147,A,Centro,CEN-28,DEL033
MED0148,B,Noroeste,NOR-16,DEL012
MED0149,C,Noroeste,NOR-23,DEL017
MED0150,C,Centro,CEN-15,DEL023
MED0151,C,Sur,SUR-03,DEL005
MED0152,C,Centro,CEN-18,DEL003
MED0153,C,Levante,LEV-08,DEL014
MED0154,C,Noreste,NOR-12,DEL016
MED0155,C,Noreste,NOR-14,DEL016
MED0156,C,Sur,SUR-23,DEL045
MED0157,A,Levante,LEV-19,DEL024
MED0158,A,Noreste,NOR-16,DEL036
MED0159,C,Sur,SUR-06,DEL050
MED0160,C,Centro,CEN-01,DEL008
MED0161,A,Noreste,NOR-23,DEL006
MED0162,B,Centro,CEN-25,DEL028
MED0163,C,Noroeste,NOR-13,DEL017
MED0164,C,Sur,SUR-07,DEL035
MED0165,B,Noreste,NOR-03,DEL041
MED0166,C,Centro,CEN-30,DEL028
MED0167,B,Noreste,NOR-19,DEL006
MED0168,B,Noreste,NOR-27,DEL041
MED0169,C,Centro,CEN-25,DEL023
MED0170,C,Noreste,NOR-01,DEL016
MED0171,B,Centro,CEN-08,DEL023
MED0172,C,Noroeste,NOR-29,DEL017
MED0173,B,Sur,SUR-13,DEL020
MED0174,C,Sur,SUR-14,DEL020
MED0175,C,Centro,CEN-30,DEL023
MED0176,B,Sur,SUR-23,DEL045
MED0177,B,Centro,CEN-21,DEL038
MED0178,C,Sur,SUR-06,DEL040
MED0179,C,Noreste,NOR-17,DEL021
MED0180,C,Levante,LEV-19,DEL049
MED0181,B,Centro,CEN-12,DEL008
MED0182,C,Centro,CEN-19,DEL008
MED0183,C,Noreste,NOR-30,DEL046
MED0184,B,Centro,CEN-17,DEL043
MED0185,C,Sur,SUR-28,DEL020
MED0186,C,Levante,LEV-26,DEL034
MED0187,C,Sur,SUR-28,DEL020
MED0188,B,Noreste,NOR-26,DEL011
MED0189,C,Centro,CEN-11,DEL033
MED0190,B,Noreste,NOR-19,DEL031
MED0191,A,Centro,CEN-04,DEL048
MED0192,B,Noreste,NOR-03,DEL006
MED0193,B,Sur,SUR-21,DEL030
MED0194,B,Centro,CEN-05,DEL013
MED0195,C,Centro,CEN-08,DEL028
MED0196,C,Noreste,NOR-29,DEL036
MED0197,A,Levante,LEV-19,DEL014
MED0198,C,Noroeste,NOR-06,DEL002
MED0199,B,Levante,LEV-09,DEL024
MED0200,B,Levante,LEV-06,DEL019
MED0201,C,Sur,SUR-21,DEL035
MED0202,B,Levante,LEV-16,DEL039
MED0203,B,Levante,LEV-01,DEL044
MED0204,C,Centro,CEN-22,DEL018
MED0205,C,Sur,SUR-17,DEL030
MED0206,B,Levante,LEV-25,DEL034
MED0207,C,Noreste,NOR-05,DEL036
MED0208,C,Centro,CEN-26,DEL008
MED0209,B,Centro,CEN-10,DEL043
MED0210,A,Sur,SUR-03,DEL040
MED0211,B,Levante,LEV-19,DEL024
MED0212,C,Sur,SUR-20,DEL010
MED0213,C,Noroeste,NOR-01,DEL047
MED0214,A,Noreste,NOR-18,DEL016
MED0215,A,Sur,SUR-03,DEL035
MED0216,C,Noreste,NOR-04,DEL001
MED0217,B,Sur,SUR-02,DEL020
MED0218,C,Noroeste,NOR-06,DEL032
MED0219,B,Levante,LEV-09,DEL004
MED0220,B,Sur,SUR-19,DEL050
MED0221,C,Centro,CEN-22,DEL018
MED0222,C,Noroeste,NOR-21,DEL032
MED0223,B,Centro,CEN-23,DEL028
MED0224,A,Centro,CEN-07,DEL008
MED0225,C,Noroeste,NOR-08,DEL007
MED0226,B,Noreste,NOR-27,DEL006
MED0227,B,Levante,LEV-03,DEL029
MED0228,C,Centro,CEN-01,DEL018
MED0229,B,Noreste,NOR-01,DEL021
MED0230,B,Sur,SUR-19,DEL045
MED0231,B,Levante,LEV-17,DEL014
MED0232,C,Sur,SUR-22,DEL035
MED0233,C,Sur,SUR-25,DEL035
MED0234,C,Centro,CEN-09,DEL013
MED0235,C,Centro,CEN-19,DEL023
MED0236,B,Noroeste,NOR-26,DEL012
MED0237,C,Levante,LEV-10,DEL014
MED0238,C,Levante,LEV-26,DEL044
MED0239,C,Levante,LEV-19,DEL004
MED0240,C,Levante,LEV-20,DEL049
MED0241,C,Noreste,NOR-07,DEL006
MED0242,B,Sur,SUR-13,DEL045
MED0243,B,Centro,CEN-28,DEL043
MED0244,C,Centro,CEN-21,DEL028
MED0245,A,Centro,CEN-11,DEL033
MED0246,A,Levante,LEV-27,DEL004
MED0247,B,Noroeste,NOR-21,DEL002
MED0248,B,Levante,LEV-09,DEL024
MED0249,C,Sur,SUR-04,DEL030
MED0250,C,Levante,LEV-03,DEL019
MED0251,B,Noreste,NOR-01,DEL041
MED0252,C,Centro,CEN-28,DEL048
MED0253,C,Centro,CEN-28,DEL003
MED0254,C,Levante,LEV-19,DEL044
MED0255,C,Sur,SUR-14,DEL020
MED0256,B,Noreste,NOR-25,DEL011
MED0257,C,Sur,SUR-23,DEL050
MED0258,C,Levante,LEV-24,DEL039
MED0259,B,Sur,SUR-15,DEL035
MED0260,C,Noreste,NOR-23,DEL046
MED0261,B,Sur,SUR-02,DEL045
MED0262,C,Levante,LEV-22,DEL019
MED0263,C,Levante,LEV-19,DEL039
MED0264,C,Noreste,NOR-30,DEL011
MED0265,C,Noreste,NOR-05,DEL006
MED0266,B,Noreste,NOR-19,DEL001
MED0267,B,Levante,LEV-06,DEL034
MED0268,C,Noreste,NOR-28,DEL036
MED0269,A,Centro,CEN-02,DEL008
MED0270,C,Noroeste,NOR-21,DEL012
MED0271,C,Noreste,NOR-24,DEL041
MED0272,A,Centro,CEN-28,DEL013
MED0273,B,Noreste,NOR-17,DEL036
MED0274,C,Noreste,NOR-16,DEL046
MED0275,B,Centro,CEN-24,DEL013
MED0276,C,Levante,LEV-02,DEL024
MED0277,C,Centro,CEN-18,DEL048
MED0278,B,Noroeste,NOR-12,DEL037
MED0279,A,Noroeste,NOR-24,DEL017
MED0280,B,Centro,CEN-08,DEL048
MED0281,C,Levante,LEV-27,DEL014
MED0282,B,Levante,LEV-10,DEL004
MED0283,B,Levante,LEV-25,DEL024
MED0284,B,Noroeste,NOR-04,DEL012
MED0285,C,Noreste,NOR-20,DEL016
MED0286,B,Noroeste,NOR-08,DEL032
MED0287,A,Noroeste,NOR-01,DEL007
MED0288,C,Sur,SUR-17,DEL035
MED0289,C,Noreste,NOR-23,DEL031
MED0290,C,Sur,SUR-20,DEL040
MED0291,C,Noreste,NOR-30,DEL031
MED0292,B,Centro,CEN-18,DEL023
MED0293,C,Levante,LEV-05,DEL049
MED0294,C,Levante,LEV-09,DEL049
MED0295,B,Levante,LEV-16,DEL014
MED0296,B,Sur,SUR-29,DEL045
MED0297,A,Noroeste,NOR-22,DEL042
MED0298,A,Noreste,NOR-09,DEL036
MED0299,C,Noroeste,NOR-08,DEL042
MED0300,B,Levante,LEV-20,DEL014
MED0301,B,Levante,LEV-03,DEL034
MED0302,C,Levante,LEV-17,DEL049
MED0303,B,Levante,LEV-02,DEL009
MED0304,B,Noreste,NOR-07,DEL011
MED0305,A,Noroeste,NOR-30,DEL042
MED0306,C,Sur,SUR-11,DEL040
MED0307,B,Centro,CEN-25,DEL038
MED0308,A,Sur,SUR-10,DEL010
MED0309,A,Noreste,NOR-10,DEL021
MED0310,B,Centro,CEN-10,DEL043
MED0311,C,Sur,SUR-20,DEL025
MED0312,A,Levante,LEV-14,DEL014
MED0313,B,Noreste,NOR-01,DEL041
MED0314,C,Centro,CEN-24,DEL023
MED0315,B,Centro,CEN-20,DEL008
MED0316,C,Noreste,NOR-07,DEL026
MED0317,B,Levante,LEV-06,DEL014
MED0318,C,Centro,CEN-26,DEL033
MED0319,B,Levante,LEV-28,DEL034
MED0320,C,Sur,SUR-02,DEL025
MED0321,A,Centro,CEN-14,DEL048
MED0322,B,Noreste,NOR-12,DEL026
MED0323,B,Centro,CEN-04,DEL008
MED0324,B,Sur,SUR-12,DEL025
MED0325,C,Noreste,NOR-27,DEL046
MED0326,C,Levante,LEV-15,DEL024
MED0327,B,Centro,CEN-18,DEL023
MED0328,B,Centro,CEN-13,DEL048
MED0329,B,Levante,LEV-01,DEL014
MED0330,C,Noreste,NOR-21,DEL011
MED0331,C,Noreste,NOR-06,DEL041
MED0332,A,Noroeste,NOR-21,DEL047
MED0333,C,Levante,LEV-23,DEL024
MED0334,C,Centro,CEN-23,DEL048
MED0335,C,Levante,LEV-22,DEL044
MED0336,C,Levante,LEV-01,DEL049
MED0337,A,Sur,SUR-29,DEL050
MED0338,B,Sur,SUR-24,DEL020
MED0339,B,Centro,CEN-14,DEL043
MED0340,B,Levante,LEV-11,DEL019
MED0341,A,Centro,CEN-15,DEL008
MED0342,A,Sur,SUR-25,DEL030
MED0343,C,Sur,SUR-17,DEL025
MED0344,B,Noreste,NOR-24,DEL026
MED0345,A,Centro,CEN-25,DEL008
MED0346,C,Levante,LEV-29,DEL004
MED0347,C,Noreste,NOR-12,DEL046
MED0348,C,Noreste,NOR-16,DEL001
MED0349,C,Centro,CEN-26,DEL013
MED0350,C,Levante,LEV-01,DEL019
MED0351,B,Centro,CEN-23,DEL033
MED0352,B,Sur,SUR-28,DEL050
MED0353,A,Centro,CEN-15,DEL018
MED0354,A,Levante,LEV-27,DEL039
MED0355,C,Noreste,NOR-02,DEL041
MED0356,A,Sur,SUR-27,DEL050
MED0357,B,Noreste,NOR-16,DEL036
MED0358,B,Sur,SUR-06,DEL040
MED0359,B,Levante,LEV-03,DEL019
MED0360,C,Centro,CEN-24,DEL038
MED0361,C,Centro,CEN-27,DEL038
MED0362,C,Noreste,NOR-06,DEL001
MED0363,A,Noroeste,NOR-22,DEL002
MED0364,C,Levante,LEV-21,DEL039
MED0365,A,Levante,LEV-13,DEL019
MED0366,C,Centro,CEN-05,DEL023
MED0367,C,Noreste,NOR-12,DEL001
MED0368,A,Sur,SUR-27,DEL010
MED0369,C,Levante,LEV-04,DEL039
MED0370,C,Sur,SUR-19,DEL010
MED0371,C,Centro,CEN-25,DEL048
MED0372,C,Noreste,NOR-03,DEL031
MED0373,C,Centro,CEN-07,DEL023
MED0374,A,Noreste,NOR-26,DEL001
MED0375,B,Centro,CEN-21,DEL008
MED0376,C,Noreste,NOR-24,DEL041
MED0377,B,Levante,LEV-13,DEL044
MED0378,C,Noroeste,NOR-23,DEL007
MED0379,C,Noreste,NOR-25,DEL031
MED0380,C,Levante,LEV-24,DEL004
MED0381,C,Noroeste,NOR-10,DEL007
MED0382,B,Levante,LEV-07,DEL049
MED0383,A,Centro,CEN-02,DEL013
MED0384,C,Levante,LEV-25,DEL014
MED0385,C,Centro,CEN-17,DEL043
MED0386,A,Noroeste,NOR-10,DEL002
MED0387,B,Centro,CEN-23,DEL033
MED0388,A,Centro,CEN-28,DEL018
MED0389,C,Levante,LEV-08,DEL004
MED0390,B,Noroeste,NOR-09,DEL002
MED0391,B,Levante,LEV-11,DEL014
MED0392,C,Levante,LEV-24,DEL034
MED0393,B,Noreste,NOR-03,DEL036
MED0394,C,Noroeste,NOR-14,DEL027
MED0395,B,Noroeste,NOR-29,DEL012
MED0396,A,Levante,LEV-09,DEL019
MED0397,C,Noreste,NOR-19,DEL026
MED0398,B,Centro,CEN-03,DEL023
MED0399,C,Noroeste,NOR-25,DEL042
MED0400,C,Noroeste,NOR-07,DEL002
MED0401,C,Centro,CEN-28,DEL003
MED0402,A,Levante,LEV-24,DEL029
MED0403,C,Sur,SUR-10,DEL045
MED0404,A,Noreste,NOR-17,DEL011
MED0405,C,Levante,LEV-05,DEL024
MED0406,A,Sur,SUR-06,DEL050
MED0407,B,Levante,LEV-15,DEL049
MED0408,A,Centro,CEN-23,DEL023
MED0409,C,Noroeste,NOR-19,DEL002
MED0410,C,Sur,SUR-02,DEL035
MED0411,C,Noreste,NOR-22,DEL006
MED0412,C,Levante,LEV-27,DEL034
MED0413,C,Noroeste,NOR-25,DEL032
MED0414,B,Levante,LEV-29,DEL024
MED0415,C,Noreste,NOR-13,DEL016
MED0416,B,Noroeste,NOR-25,DEL002
MED0417,C,Sur,SUR-04,DEL020
MED0418,C,Sur,SUR-08,DEL050
MED0419,C,Noroeste,NOR-01,DEL002
MED0420,B,Noreste,NOR-22,DEL031
MED0421,C,Levante,LEV-08,DEL034
MED0422,C,Sur,SUR-18,DEL020
MED0423,C,Levante,LEV-26,DEL039
MED0424,B,Noreste,NOR-08,DEL016
MED0425,C,Sur,SUR-10,DEL030
MED0426,C,Noreste,NOR-02,DEL031
MED0427,B,Noroeste,NOR-21,DEL022
MED0428,B,Sur,SUR-24,DEL030
MED0429,B,Sur,SUR-20,DEL025
MED0430,C,Centro,CEN-27,DEL003
MED0431,B,Levante,LEV-08,DEL014
MED0432,B,Centro,CEN-22,DEL003
MED0433,B,Noreste,NOR-03,DEL011
MED0434,B,Centro,CEN-16,DEL038
MED0435,B,Centro,CEN-15,DEL033
MED0436,B,Levante,LEV-24,DEL029
MED0437,C,Noreste,NOR-24,DEL011
MED0438,C,Centro,CEN-24,DEL048
MED0439,B,Centro,CEN-20,DEL033
MED0440,C,Centro,CEN-05,DEL033
MED0441,B,Noreste,NOR-09,DEL036
MED0442,B,Noreste,NOR-29,DEL001
MED0443,C,Sur,SUR-09,DEL010
MED0444,B,Noroeste,NOR-02,DEL002
MED0445,C,Noreste,NOR-02,DEL041
MED0446,A,Centro,CEN-12,DEL018
MED0447,A,Centro,CEN-12,DEL043
MED0448,B,Noreste,NOR-02,DEL026
MED0449,B,Sur,SUR-25,DEL015
MED0450,C,Centro,CEN-27,DEL013
MED0451,B,Noreste,NOR-02,DEL026
MED0452,A,Levante,LEV-22,DEL049
MED0453,C,Centro,CEN-13,DEL008
MED0454,C,Centro,CEN-26,DEL033
MED0455,C,Sur,SUR-26,DEL025
MED0456,A,Levante,LEV-23,DEL034
MED0457,A,Levante,LEV-25,DEL014
MED0458,B,Noroeste,NOR-11,DEL017
MED0459,B,Noroeste,NOR-13,DEL042
MED0460,B,Centro,CEN-22,DEL003
MED0461,C,Noreste,NOR-17,DEL021
MED0462,C,Centro,CEN-04,DEL038
MED0463,C,Centro,CEN-27,DEL038
MED0464,C,Levante,LEV-27,DEL009
MED0465,C,Sur,SUR-07,DEL045
MED0466,B,Centro,CEN-26,DEL038
MED0467,A,Centro,CEN-23,DEL003
MED0468,C,Noroeste,NOR-12,DEL017
MED0469,C,Sur,SUR-03,DEL025
MED0470,C,Noroeste,NOR-11,DEL037
MED0471,A,Centro,CEN-01,DEL043
MED0472,B,Levante,LEV-22,DEL049
MED0473,C,Levante,LEV-23,DEL034
MED0474,C,Sur,SUR-17,DEL040
MED0475,A,Noroeste,NOR-03,DEL007
MED0476,C,Noreste,NOR-03,DEL001
MED0477,C,Noreste,NOR-12,DEL046
MED0478,A,Noroeste,NOR-07,DEL042
MED0479,C,Levante,LEV-15,DEL004
MED0480,C,Sur,SUR-27,DEL040
MED0481,C,Noreste,NOR-03,DEL026
MED0482,B,Levante,LEV-06,DEL009
MED0483,C,Noreste,NOR-20,DEL016
MED0484,C,Levante,LEV-14,DEL034
MED0485,B,Centro,CEN-27,DEL048
MED0486,A,Sur,SUR-14,DEL015
MED0487,B,Noreste,NOR-07,DEL026
MED0488,C,Levante,LEV-10,DEL019
MED0489,C,Noreste,NOR-19,DEL036
MED0490,A,Levante,LEV-10,DEL039
MED0491,A,Noroeste,NOR-15,DEL022
MED0492,B,Noreste,NOR-05,DEL026
MED0493,C,Noroeste,NOR-15,DEL002
MED0494,A,Centro,CEN-08,DEL028
MED0495,C,Noreste,NOR-24,DEL006
MED0496,A,Noreste,NOR-24,DEL006
MED0497,B,Levante,LEV-26,DEL034
MED0498,C,Levante,LEV-29,DEL039
MED0499,C,Centro,CEN-15,DEL043
MED0500,C,Noroeste,NOR-23,DEL017
MED0501,C,Centro,CEN-24,DEL013
MED0502,C,Sur,SUR-08,DEL035
MED0503,B,Sur,SUR-10,DEL050
MED0504,B,Levante,LEV-26,DEL024
MED0505,C,Centro,CEN-11,DEL043
MED0506,B,Levante,LEV-10,DEL029
MED0507,C,Noreste,NOR-12,DEL001
MED0508,C,Noreste,NOR-11,DEL011
MED0509,C,Levante,LEV-17,DEL049
MED0510,B,Noroeste,NOR-20,DEL047
MED0511,B,Levante,LEV-12,DEL014
MED0512,C,Centro,CEN-01,DEL013
MED0513,B,Noreste,NOR-07,DEL026
MED0514,C,Levante,LEV-26,DEL034
MED0515,C,Levante,LEV-13,DEL044
MED0516,B,Centro,CEN-01,DEL033
MED0517,A,Noroeste,NOR-08,DEL017
MED0518,B,Centro,CEN-13,DEL018
MED0519,C,Levante,LEV-20,DEL004
MED0520,B,Noreste,NOR-15,DEL046
MED0521,C,Noreste,NOR-07,DEL001
MED0522,A,Centro,CEN-16,DEL013
MED0523,B,Centro,CEN-27,DEL003
MED0524,C,Centro,CEN-07,DEL013
MED0525,B,Centro,CEN-26,DEL048
MED0526,C,Levante,LEV-15,DEL014
MED0527,A,Levante,LEV-16,DEL039
MED0528,C,Noreste,NOR-04,DEL041
MED0529,B,Levante,LEV-05,DEL029
MED0530,B,Sur,SUR-27,DEL005
MED0531,C,Sur,SUR-10,DEL050
MED0532,A,Noroeste,NOR-26,DEL027
MED0533,B,Levante,LEV-21,DEL024
MED0534,B,Centro,CEN-29,DEL023
MED0535,C,Noreste,NOR-15,DEL041
MED0536,C,Noreste,NOR-14,DEL016
MED0537,C,Noroeste,NOR-01,DEL032
MED0538,C,Centro,CEN-03,DEL043
MED0539,C,Levante,LEV-10,DEL029
MED0540,A,Noreste,NOR-20,DEL016
MED0541,C,Centro,CEN-01,DEL018
MED0542,C,Noroeste,NOR-30,DEL007
MED0543,A,Centro,CEN-22,DEL018
MED0544,B,Noroeste,NOR-22,DEL037
MED0545,C,Levante,LEV-14,DEL014
MED0546,C,Sur,SUR-20,DEL050
MED0547,B,Levante,LEV-04,DEL029
MED0548,C,Levante,LEV-14,DEL044
MED0549,B,Sur,SUR-04,DEL020
MED0550,C,Noreste,NOR-12,DEL021
MED0551,B,Levante,LEV-19,DEL004
MED0552,C,Noreste,NOR-20,DEL016
MED0553,B,Sur,SUR-20,DEL010
MED0554,C,Noroeste,NOR-26,DEL017
MED0555,A,Noroeste,NOR-11,DEL047
MED0556,C,Levante,LEV-27,DEL044
MED0557,B,Levante,LEV-12,DEL034
MED0558,B,Centro,CEN-02,DEL003
MED0559,C,Sur,SUR-04,DEL030
MED0560,B,Noreste,NOR-03,DEL026
MED0561,B,Noroeste,NOR-23,DEL022
MED0562,C,Sur,SUR-09,DEL030
MED0563,B,Sur,SUR-14,DEL010
MED0564,B,Levante,LEV-23,DEL049
MED0565,C,Levante,LEV-28,DEL044
MED0566,B,Sur,SUR-14,DEL035
MED0567,B,Centro,CEN-24,DEL018
MED0568,C,Noroeste,NOR-01,DEL012
MED0569,C,Levante,LEV-06,DEL039
MED0570,C,Centro,CEN-10,DEL028
MED0571,C,Centro,CEN-10,DEL013
MED0572,A,Centro,CEN-08,DEL048
MED0573,A,Centro,CEN-06,DEL018
MED0574,B,Levante,LEV-11,DEL014
MED0575,C,Levante,LEV-11,DEL029
MED0576,C,Centro,CEN-27,DEL008
MED0577,C,Noreste,NOR-08,DEL001
MED0578,C,Levante,LEV-11,DEL009
MED0579,B,Centro,CEN-29,DEL023
MED0580,B,Noreste,NOR-15,DEL011
MED0581,A,Noreste,NOR-03,DEL026
MED0582,C,Levante,LEV-09,DEL044
MED0583,B,Centro,CEN-06,DEL003
MED0584,B,Noroeste,NOR-06,DEL007
MED0585,B,Noreste,NOR-04,DEL001
MED0586,B,Centro,CEN-20,DEL048
MED0587,B,Centro,CEN-25,DEL008
MED0588,B,Noreste,NOR-17,DEL006
MED0589,C,Centro,CEN-23,DEL043
MED0590,C,Levante,LEV-09,DEL049
MED0591,C,Centro,CEN-14,DEL048
MED0592,C,Levante,LEV-16,DEL034
MED0593,A,Levante,LEV-12,DEL044
MED0594,C,Noroeste,NOR-25,DEL047
MED0595,C,Centro,CEN-23,DEL043
MED0596,C,Centro,CEN-22,DEL028
MED0597,B,Noreste,NOR-21,DEL011
MED0598,C,Centro,CEN-08,DEL008
MED0599,B,Centro,CEN-10,DEL043
MED0600,C,Noreste,NOR-22,DEL026
MED0601,C,Centro,CEN-14,DEL038
MED0602,C,Noreste,NOR-14,DEL036
MED0603,A,Sur,SUR-02,DEL030
MED0604,C,Centro,CEN-21,DEL038
MED0605,C,Sur,SUR-07,DEL050
MED0606,C,Noroeste,NOR-13,DEL027
MED0607,C,Sur,SUR-12,DEL010
MED0608,C,Levante,LEV-10,DEL019
MED0609,B,Noreste,NOR-30,DEL016
MED0610,A,Levante,LEV-19,DEL024
MED0611,B,Noreste,NOR-18,DEL041
MED0612,C,Centro,CEN-11,DEL023
MED0613,B,Noroeste,NOR-21,DEL007
MED0614,B,Sur,SUR-26,DEL035
MED0615,C,Noreste,NOR-06,DEL011
MED0616,A,Levante,LEV-17,DEL014
MED0617,C,Levante,LEV-26,DEL019
MED0618,B,Centro,CEN-04,DEL008
MED0619,A,Levante,LEV-15,DEL004
MED0620,C,Noreste,NOR-30,DEL026
MED0621,C,Centro,CEN-03,DEL003
MED0622,A,Noreste,NOR-24,DEL006
MED0623,B,Centro,CEN-26,DEL023
MED0624,B,Levante,LEV-09,DEL039
MED0625,B,Levante,LEV-29,DEL044
MED0626,A,Sur,SUR-01,DEL050
MED0627,C,Sur,SUR-06,DEL015
MED0628,B,Noreste,NOR-25,DEL006
MED0629,B,Noroeste,NOR-03,DEL042
MED0630,C,Noroeste,NOR-24,DEL002
MED0631,C,Centro,CEN-18,DEL043
MED0632,C,Noreste,NOR-18,DEL046
MED0633,C,Levante,LEV-23,DEL024
MED0634,C,Noroeste,NOR-09,DEL002
MED0635,B,Noroeste,NOR-05,DEL022
MED0636,B,Levante,LEV-16,DEL039
MED0637,A,Noreste,NOR-12,DEL006
MED0638,B,Noroeste,NOR-23,DEL042
MED0639,B,Levante,LEV-15,DEL024
MED0640,C,Centro,CEN-23,DEL028
MED0641,C,Noreste,NOR-02,DEL001
MED0642,C,Levante,LEV-03,DEL019
MED0643,C,Noreste,NOR-09,DEL001
MED0644,C,Levante,LEV-11,DEL044
MED0645,C,Levante,LEV-19,DEL029
MED0646,B,Noreste,NOR-26,DEL046
MED0647,C,Sur,SUR-17,DEL010
MED0648,B,Centro,CEN-25,DEL028
MED0649,B,Centro,CEN-05,DEL008
MED0650,A,Levante,LEV-11,DEL039
MED0651,B,Centro,CEN-18,DEL028
MED0652,C,Centro,CEN-15,DEL043
MED0653,C,Levante,LEV-29,DEL029
MED0654,B,Noroeste,NOR-28,DEL012
MED0655,B,Noreste,NOR-29,DEL016
MED0656,C,Levante,LEV-01,DEL019
MED0657,C,Levante,LEV-15,DEL014
MED0658,C,Sur,SUR-22,DEL020
MED0659,C,Sur,SUR-10,DEL050
MED0660,C,Centro,CEN-05,DEL048
MED0661,A,Levante,LEV-02,DEL004
MED0662,B,Levante,LEV-13,DEL029
MED0663,B,Noroeste,NOR-14,DEL022
MED0664,C,Levante,LEV-16,DEL014
MED0665,A,Sur,SUR-09,DEL050
MED0666,B,Noreste,NOR-11,DEL036
MED0667,C,Noreste,NOR-04,DEL031
MED0668,B,Noroeste,NOR-02,DEL042
MED0669,C,Noroeste,NOR-11,DEL027
MED0670,A,Sur,SUR-28,DEL045
MED0671,C,Noreste,NOR-09,DEL011
MED0672,B,Noroeste,NOR-01,DEL027
MED0673,A,Noreste,NOR-07,DEL026
MED0674,C,Noreste,NOR-01,DEL046
MED0675,B,Noroeste,NOR-18,DEL007
MED0676,B,Noreste,NOR-09,DEL016
MED0677,C,Noreste,NOR-25,DEL006
MED0678,C,Levante,LEV-10,DEL014
MED0679,C,Noroeste,NOR-22,DEL027
MED0680,A,Levante,LEV-08,DEL029
MED0681,B,Levante,LEV-27,DEL004
MED0682,C,Noroeste,NOR-13,DEL027
MED0683,C,Sur,SUR-21,DEL010
MED0684,B,Sur,SUR-16,DEL045
MED0685,B,Levante,LEV-27,DEL009
MED0686,B,Sur,SUR-21,DEL005
MED0687,B,Sur,SUR-14,DEL050
MED0688,B,Centro,CEN-22,DEL008
MED0689,B,Centro,CEN-18,DEL033
MED0690,A,Sur,SUR-04,DEL030
MED0691,B,Centro,CEN-14,DEL023
MED0692,C,Noreste,NOR-21,DEL011
MED0693,C,Noreste,NOR-25,DEL001
MED0694,B,Sur,SUR-27,DEL005
MED0695,C,Sur,SUR-13,DEL020
MED0696,C,Noreste,NOR-29,DEL031
MED0697,B,Levante,LEV-20,DEL039
MED0698,B,Centro,CEN-14,DEL008
MED0699,B,Noreste,NOR-27,DEL001
MED0700,B,Noreste,NOR-19,DEL011
MED0701,A,Centro,CEN-07,DEL023
MED0702,B,Centro,CEN-11,DEL033
MED0703,B,Centro,CEN-09,DEL018
MED0704,B,Noroeste,NOR-09,DEL002
MED0705,C,Levante,LEV-11,DEL034
MED0706,C,Noreste,NOR-30,DEL026
MED0707,B,Levante,LEV-27,DEL044
MED0708,C,Levante,LEV-16,DEL014
MED0709,B,Levante,LEV-15,DEL049
MED0710,B,Sur,SUR-20,DEL020
MED0711,B,Noreste,NOR-17,DEL021
MED0712,C,Noroeste,NOR-11,DEL027
MED0713,C,Levante,LEV-26,DEL039
MED0714,A,Levante,LEV-10,DEL014
MED0715,C,Noroeste,NOR-02,DEL037
MED0716,B,Noreste,NOR-16,DEL031
MED0717,C,Noroeste,NOR-12,DEL027
MED0718,A,Levante,LEV-07,DEL014
MED0719,A,Noroeste,NOR-01,DEL027
MED0720,B,Sur,SUR-28,DEL010
MED0721,C,Noreste,NOR-07,DEL046
MED0722,C,Noroeste,NOR-15,DEL032
MED0723,C,Levante,LEV-01,DEL044
MED0724,B,Centro,CEN-26,DEL048
MED0725,C,Noreste,NOR-07,DEL031
MED0726,B,Noroeste,NOR-13,DEL047
MED0727,B,Noreste,NOR-20,DEL046
MED0728,C,Levante,LEV-18,DEL024
MED0729,C,Levante,LEV-24,DEL029
MED0730,A,Centro,CEN-08,DEL018
MED0731,C,Noroeste,NOR-09,DEL012
MED0732,A,Centro,CEN-28,DEL048
MED0733,C,Sur,SUR-15,DEL030
MED0734,A,Centro,CEN-05,DEL033
MED0735,C,Centro,CEN-23,DEL018
MED0736,B,Centro,CEN-22,DEL003
MED0737,C,Noroeste,NOR-05,DEL017
MED0738,C,Centro,CEN-11,DEL033
MED0739,A,Sur,SUR-11,DEL030
MED0740,C,Noreste,NOR-17,DEL001
MED0741,C,Centro,CEN-23,DEL048
MED0742,C,Levante,LEV-05,DEL029
MED0743,B,Noreste,NOR-03,DEL021
MED0744,C,Centro,CEN-19,DEL003
MED0745,C,Noreste,NOR-07,DEL026
MED0746,C,Levante,LEV-02,DEL044
MED0747,C,Noreste,NOR-12,DEL026
MED0748,A,Centro,CEN-09,DEL013
MED0749,C,Noreste,NOR-05,DEL026
MED0750,B,Noreste,NOR-27,DEL046
MED0751,A,Centro,CEN-06,DEL048
MED0752,A,Noroeste,NOR-15,DEL027
MED0753,B,Levante,LEV-27,DEL019
MED0754,C,Noreste,NOR-30,DEL046
MED0755,C,Noreste,NOR-17,DEL016
MED0756,C,Noreste,NOR-16,DEL036
MED0757,B,Centro,CEN-14,DEL018
MED0758,A,Centro,CEN-20,DEL013
MED0759,C,Sur,SUR-24,DEL045
MED0760,B,Noreste,NOR-19,DEL026
MED0761,C,Noroeste,NOR-24,DEL042
MED0762,C,Centro,CEN-19,DEL038
MED0763,C,Centro,CEN-25,DEL008
MED0764,B,Sur,SUR-12,DEL015
MED0765,C,Sur,SUR-20,DEL030
MED0766,B,Noreste,NOR-08,DEL011
MED0767,C,Noroeste,NOR-07,DEL032
MED0768,C,Sur,SUR-16,DEL015
MED0769,A,Noreste,NOR-06,DEL021
MED0770,B,Noroeste,NOR-21,DEL002
MED0771,C,Centro,CEN-04,DEL038
MED0772,C,Noreste,NOR-08,DEL031
MED0773,C,Centro,CEN-16,DEL008
MED0774,C,Noroeste,NOR-10,DEL017
MED0775,C,Centro,CEN-09,DEL003
MED0776,B,Levante,LEV-21,DEL029
MED0777,C,Noroeste,NOR-03,DEL002
MED0778,B,Centro,CEN-06,DEL048
MED0779,B,Levante,LEV-19,DEL044
MED0780,C,Centro,CEN-07,DEL028
MED0781,C,Noroeste,NOR-13,DEL042
MED0782,C,Noreste,NOR-05,DEL021
MED0783,C,Noreste,NOR-23,DEL036
MED0784,A,Noroeste,NOR-12,DEL017
MED0785,C,Levante,LEV-11,DEL014
MED0786,B,Noreste,NOR-06,DEL006
MED0787,B,Levante,LEV-12,DEL004
MED0788,C,Noreste,NOR-20,DEL021
MED0789,A,Centro,CEN-13,DEL003
MED0790,C,Centro,CEN-24,DEL018
MED0791,B,Noreste,NOR-06,DEL046
MED0792,C,Levante,LEV-02,DEL029
MED0793,C,Centro,CEN-05,DEL038
MED0794,B,Noroeste,NOR-28,DEL042
MED0795,B,Sur,SUR-29,DEL020
MED0796,A,Sur,SUR-06,DEL035
MED0797,C,Levante,LEV-23,DEL019
MED0798,C,Levante,LEV-13,DEL014
MED0799,C,Noreste,NOR-13,DEL001
MED0800,C,Noroeste,NOR-24,DEL017
MED0801,B,Noroeste,NOR-28,DEL047
MED0802,C,Noreste,NOR-13,DEL006
MED0803,A,Centro,CEN-11,DEL028
MED0804,C,Centro,CEN-15,DEL048
MED0805,C,Sur,SUR-02,DEL030
MED0806,A,Centro,CEN-26,DEL043
MED0807,B,Sur,SUR-04,DEL025
MED0808,C,Levante,LEV-05,DEL049
MED0809,B,Noroeste,NOR-06,DEL042
MED0810,C,Levante,LEV-12,DEL019
MED0811,A,Centro,CEN-02,DEL043
MED0812,C,Centro,CEN-19,DEL048
MED0813,C,Centro,CEN-26,DEL003
MED0814,C,Centro,CEN-06,DEL028
MED0815,C,Levante,LEV-18,DEL049
MED0816,C,Noreste,NOR-13,DEL026
MED0817,B,Noroeste,NOR-03,DEL002
MED0818,A,Centro,CEN-10,DEL033
MED0819,C,Levante,LEV-11,DEL039
MED0820,C,Levante,LEV-22,DEL019
MED0821,C,Noreste,NOR-09,DEL016
MED0822,C,Noreste,NOR-24,DEL041
MED0823,B,Levante,LEV-17,DEL009
MED0824,C,Levante,LEV-26,DEL009
MED0825,B,Centro,CEN-02,DEL048
MED0826,C,Levante,LEV-09,DEL034
MED0827,C,Centro,CEN-14,DEL043
MED0828,C,Levante,LEV-20,DEL049
MED0829,C,Noreste,NOR-13,DEL026
MED0830,B,Noreste,NOR-04,DEL006
MED0831,C,Noreste,NOR-02,DEL016
MED0832,C,Noreste,NOR-02,DEL006
MED0833,B,Noreste,NOR-22,DEL036
MED0834,C,Centro,CEN-01,DEL038
MED0835,C,Noreste,NOR-06,DEL036
MED0836,B,Levante,LEV-03,DEL044
MED0837,A,Noreste,NOR-21,DEL031
MED0838,C,Noreste,NOR-21,DEL011
MED0839,C,Noroeste,NOR-07,DEL007
MED0840,C,Noreste,NOR-29,DEL021
MED0841,B,Levante,LEV-12,DEL004
MED0842,C,Noroeste,NOR-04,DEL017
MED0843,C,Sur,SUR-03,DEL045
MED0844,B,Noroeste,NOR-17,DEL027
MED0845,B,Noreste,NOR-05,DEL006
MED0846,A,Centro,CEN-17,DEL023
MED0847,C,Noreste,NOR-18,DEL041
MED0848,C,Noreste,NOR-09,DEL031
MED0849,C,Sur,SUR-30,DEL025
MED0850,C,Levante,LEV-10,DEL019
MED0851,B,Noroeste,NOR-22,DEL022
MED0852,B,Levante,LEV-30,DEL049
MED0853,B,Levante,LEV-20,DEL004
MED0854,B,Noreste,NOR-01,DEL001
MED0855,B,Noreste,NOR-29,DEL006
MED0856,B,Sur,SUR-03,DEL030
MED0857,B,Centro,CEN-21,DEL028
MED0858,B,Levante,LEV-02,DEL009
MED0859,A,Noreste,NOR-06,DEL006
MED0860,B,Noreste,NOR-12,DEL026
MED0861,C,Levante,LEV-04,DEL014
MED0862,C,Levante,LEV-26,DEL044
MED0863,B,Noroeste,NOR-06,DEL007
MED0864,B,Levante,LEV-21,DEL019
MED0865,A,Sur,SUR-10,DEL025
MED0866,C,Centro,CEN-25,DEL008
MED0867,B,Noreste,NOR-10,DEL001
MED0868,A,Levante,LEV-21,DEL029
MED0869,C,Levante,LEV-26,DEL024
MED0870,C,Noreste,NOR-28,DEL006
MED0871,C,Noreste,NOR-29,DEL026
MED0872,C,Sur,SUR-28,DEL040
MED0873,C,Centro,CEN-20,DEL018
MED0874,B,Centro,CEN-23,DEL033
MED0875,C,Sur,SUR-07,DEL025
MED0876,C,Sur,SUR-09,DEL020
MED0877,B,Levante,LEV-30,DEL039
MED0878,B,Sur,SUR-04,DEL015
MED0879,B,Sur,SUR-09,DEL040
MED0880,C,Noreste,NOR-21,DEL016
MED0881,C,Centro,CEN-10,DEL033
MED0882,A,Sur,SUR-19,DEL025
MED0883,C,Levante,LEV-15,DEL029
MED0884,C,Noreste,NOR-11,DEL036
MED0885,A,Centro,CEN-21,DEL003
MED0886,C,Centro,CEN-29,DEL003
MED0887,B,Noreste,NOR-22,DEL026
MED0888,C,Centro,CEN-26,DEL018
MED0889,B,Noroeste,NOR-28,DEL017
MED0890,C,Noreste,NOR-28,DEL026
MED0891,B,Noreste,NOR-11,DEL041
MED0892,B,Noreste,NOR-23,DEL041
MED0893,A,Levante,LEV-08,DEL014
MED0894,B,Noroeste,NOR-25,DEL032
MED0895,A,Centro,CEN-26,DEL043
MED0896,C,Noreste,NOR-30,DEL041
MED0897,B,Noroeste,NOR-30,DEL002
MED0898,C,Sur,SUR-09,DEL025
MED0899,B,Sur,SUR-27,DEL035
MED0900,C,Levante,LEV-04,DEL049
MED0901,B,Noreste,NOR-03,DEL021
MED0902,C,Centro,CEN-01,DEL038
MED0903,C,Noroeste,NOR-16,DEL022
MED0904,C,Noreste,NOR-17,DEL016
MED0905,B,Sur,SUR-17,DEL005
MED0906,C,Sur,SUR-21,DEL050
MED0907,C,Centro,CEN-18,DEL033
MED0908,B,Noreste,NOR-03,DEL021
MED0909,A,Sur,SUR-18,DEL030
MED0910,B,Levante,LEV-12,DEL044
MED0911,C,Levante,LEV-11,DEL039
MED0912,C,Sur,SUR-06,DEL005
MED0913,C,Noroeste,NOR-22,DEL032
MED0914,C,Noreste,NOR-15,DEL036
MED0915,C,Centro,CEN-12,DEL028
MED0916,C,Noreste,NOR-15,DEL026
MED0917,C,Noreste,NOR-17,DEL031
MED0918,B,Levante,LEV-14,DEL014
MED0919,B,Noreste,NOR-29,DEL036
MED0920,B,Levante,LEV-10,DEL034
MED0921,B,Sur,SUR-21,DEL010
MED0922,A,Sur,SUR-18,DEL030
MED0923,B,Levante,LEV-25,DEL034
MED0924,A,Noroeste,NOR-26,DEL042
MED0925,C,Levante,LEV-14,DEL009
MED0926,A,Sur,SUR-07,DEL030
MED0927,C,Centro,CEN-08,DEL003
MED0928,C,Levante,LEV-09,DEL014
MED0929,C,Centro,CEN-09,DEL028
MED0930,B,Noreste,NOR-10,DEL026
MED0931,B,Sur,SUR-16,DEL040
MED0932,C,Noreste,NOR-25,DEL046
MED0933,B,Levante,LEV-25,DEL009
MED0934,A,Noroeste,NOR-29,DEL032
MED0935,C,Levante,LEV-06,DEL049
MED0936,C,Centro,CEN-17,DEL043
MED0937,C,Centro,CEN-28,DEL013
MED0938,C,Noroeste,NOR-03,DEL042
MED0939,C,Levante,LEV-17,DEL044
MED0940,C,Noreste,NOR-24,DEL001
MED0941,B,Centro,CEN-04,DEL043
MED0942,C,Levante,LEV-02,DEL024
MED0943,C,Noreste,NOR-10,DEL021
MED0944,C,Levante,LEV-16,DEL044
MED0945,C,Centro,CEN-25,DEL018
MED0946,A,Noreste,NOR-01,DEL006
MED0947,C,Noreste,NOR-03,DEL026
MED0948,B,Noreste,NOR-29,DEL021
MED0949,C,Noroeste,NOR-18,DEL012
MED0950,B,Noroeste,NOR-15,DEL002
MED0951,B,Levante,LEV-10,DEL034
MED0952,A,Noreste,NOR-07,DEL006
MED0953,B,Sur,SUR-15,DEL050
MED0954,B,Noreste,NOR-08,DEL001
MED0955,C,Levante,LEV-07,DEL029
MED0956,B,Sur,SUR-30,DEL035
MED0957,B,Noreste,NOR-29,DEL006
MED0958,B,Centro,CEN-11,DEL038
MED0959,B,Sur,SUR-13,DEL040
MED0960,B,Sur,SUR-24,DEL010
MED0961,C,Noreste,NOR-12,DEL006
MED0962,B,Noroeste,NOR-07,DEL027
MED0963,B,Noreste,NOR-09,DEL021
MED0964,A,Levante,LEV-13,DEL049
MED0965,C,Noreste,NOR-19,DEL001
MED0966,C,Centro,CEN-30,DEL048
MED0967,C,Noreste,NOR-25,DEL001
MED0968,C,Levante,LEV-13,DEL024
MED0969,C,Noreste,NOR-28,DEL006
MED0970,A,Sur,SUR-15,DEL015
MED0971,B,Noreste,NOR-02,DEL036
MED0972,B,Levante,LEV-07,DEL034
MED0973,A,Sur,SUR-14,DEL045
MED0974,B,Noreste,NOR-24,DEL026
MED0975,C,Noroeste,NOR-20,DEL017
MED0976,B,Centro,CEN-15,DEL023
MED0977,B,Noreste,NOR-09,DEL031
MED0978,B,Noreste,NOR-29,DEL041
MED0979,B,Centro,CEN-03,DEL023
MED0980,C,Noroeste,NOR-19,DEL022
MED0981,B,Levante,LEV-11,DEL009
MED0982,B,Sur,SUR-12,DEL020
MED0983,A,Centro,CEN-04,DEL023
MED0984,C,Centro,CEN-12,DEL023
MED0985,B,Levante,LEV-16,DEL024
MED0986,B,Sur,SUR-03,DEL035
MED0987,C,Noreste,NOR-09,DEL026
MED0988,B,Levante,LEV-27,DEL039
MED0989,B,Levante,LEV-25,DEL044
MED0990,C,Centro,CEN-14,DEL008
MED0991,A,Noroeste,NOR-13,DEL012
MED0992,C,Noroeste,NOR-03,DEL032
MED0993,A,Noroeste,NOR-13,DEL047
MED0994,B,Levante,LEV-01,DEL049
MED0995,B,Levante,LEV-07,DEL014
MED0996,C,Centro,CEN-28,DEL043
MED0997,C,Levante,LEV-18,DEL019
MED0998,B,Centro,CEN-13,DEL028
MED0999,C,Noroeste,NOR-03,DEL007
MED1000,B,Sur,SUR-14,DEL045
MED1001,B,Levante,LEV-02,DEL019
MED1002,A,Noroeste,NOR-28,DEL022
MED1003,C,Noreste,NOR-17,DEL016
MED1004,C,Centro,CEN-26,DEL023
MED1005,B,Sur,SUR-16,DEL035
MED1006,B,Noreste,NOR-27,DEL036
MED1007,C,Centro,CEN-16,DEL008
MED1008,C,Sur,SUR-09,DEL005
MED1009,C,Noroeste,NOR-28,DEL042
MED1010,C,Centro,CEN-14,DEL038
MED1011,B,Levante,LEV-30,DEL049
MED1012,C,Centro,CEN-10,DEL023
MED1013,B,Centro,CEN-27,DEL033
MED1014,B,Levante,LEV-04,DEL039
MED1015,C,Sur,SUR-22,DEL040
MED1016,B,Sur,SUR-27,DEL040
MED1017,B,Sur,SUR-04,DEL045
MED1018,C,Sur,SUR-03,DEL015
MED1019,C,Sur,SUR-16,DEL050
MED1020,B,Centro,CEN-10,DEL048
MED1021,C,Centro,CEN-15,DEL038
MED1022,C,Centro,CEN-14,DEL008
MED1023,C,Noreste,NOR-27,DEL011
MED1024,B,Sur,SUR-26,DEL015
MED1025,C,Noroeste,NOR-10,DEL027
MED1026,C,Levante,LEV-02,DEL004
MED1027,C,Levante,LEV-07,DEL019
MED1028,C,Centro,CEN-06,DEL023
MED1029,B,Sur,SUR-24,DEL030
MED1030,B,Centro,CEN-10,DEL043
MED1031,C,Noroeste,NOR-18,DEL047
MED1032,A,Sur,SUR-06,DEL020
MED1033,C,Noreste,NOR-24,DEL041
MED1034,C,Levante,LEV-06,DEL024
MED1035,C,Levante,LEV-03,DEL014
MED1036,A,Sur,SUR-14,DEL040
MED1037,B,Centro,CEN-15,DEL018
MED1038,C,Sur,SUR-12,DEL010
MED1039,C,Noreste,NOR-05,DEL016
MED1040,B,Noreste,NOR-05,DEL036
MED1041,A,Centro,CEN-12,DEL033
MED1042,C,Noreste,NOR-30,DEL031
MED1043,B,Noroeste,NOR-17,DEL022
MED1044,B,Noreste,NOR-02,DEL041
MED1045,C,Sur,SUR-04,DEL015
MED1046,B,Centro,CEN-14,DEL033
MED1047,C,Noreste,NOR-15,DEL026
MED1048,B,Noreste,NOR-07,DEL046
MED1049,B,Sur,SUR-18,DEL020
MED1050,C,Levante,LEV-28,DEL039
MED1051,C,Centro,CEN-25,DEL023
MED1052,B,Levante,LEV-16,DEL049
MED1053,B,Sur,SUR-26,DEL030
MED1054,B,Levante,LEV-26,DEL034
MED1055,C,Levante,LEV-14,DEL004
MED1056,B,Levante,LEV-08,DEL039
MED1057,B,Centro,CEN-07,DEL018
MED1058,A,Levante,LEV-01,DEL049
MED1059,C,Noreste,NOR-09,DEL026
MED1060,B,Noreste,NOR-08,DEL036
MED1061,C,Sur,SUR-01,DEL035
MED1062,C,Centro,CEN-09,DEL028
MED1063,C,Noreste,NOR-19,DEL006
MED1064,B,Noreste,NOR-30,DEL016
MED1065,B,Centro,CEN-14,DEL038
MED1066,C,Centro,CEN-07,DEL028
MED1067,B,Sur,SUR-05,DEL005
MED1068,C,Centro,CEN-28,DEL048
MED1069,C,Levante,LEV-23,DEL044
MED1070,C,Levante,LEV-22,DEL019
MED1071,A,Levante,LEV-30,DEL049
MED1072,B,Centro,CEN-15,DEL008
MED1073,B,Levante,LEV-04,DEL019
MED1074,C,Noreste,NOR-13,DEL031
MED1075,A,Noroeste,NOR-18,DEL042
MED1076,B,Centro,CEN-30,DEL023
MED1077,B,Levante,LEV-19,DEL049
MED1078,B,Noreste,NOR-01,DEL016
MED1079,C,Levante,LEV-21,DEL009
MED1080,C,Centro,CEN-21,DEL008
MED1081,B,Noreste,NOR-11,DEL001
MED1082,C,Centro,CEN-14,DEL033
MED1083,B,Centro,CEN-06,DEL038
MED1084,C,Levante,LEV-16,DEL004
MED1085,C,Centro,CEN-19,DEL033
MED1086,C,Centro,CEN-22,DEL033
MED1087,A,Noreste,NOR-19,DEL006
MED1088,C,Centro,CEN-13,DEL038
MED1089,B,Noreste,NOR-03,DEL031
MED1090,A,Noreste,NOR-09,DEL021
MED1091,A,Sur,SUR-11,DEL035
MED1092,C,Centro,CEN-27,DEL013
MED1093,C,Sur,SUR-10,DEL045
MED1094,B,Noroeste,NOR-01,DEL042
MED1095,B,Noreste,NOR-15,DEL021
MED1096,B,Noreste,NOR-13,DEL006
MED1097,C,Noreste,NOR-30,DEL016
MED1098,C,Sur,SUR-17,DEL020
MED1099,C,Noroeste,NOR-27,DEL022
MED1100,C,Levante,LEV-21,DEL029
MED1101,B,Sur,SUR-07,DEL025
MED1102,A,Noreste,NOR-30,DEL036
MED1103,A,Levante,LEV-24,DEL039
MED1104,B,Sur,SUR-01,DEL030
MED1105,C,Levante,LEV-23,DEL004
MED1106,C,Centro,CEN-03,DEL008
MED1107,B,Noreste,NOR-10,DEL016
MED1108,C,Centro,CEN-27,DEL048
MED1109,B,Sur,SUR-11,DEL035
MED1110,B,Noroeste,NOR-11,DEL047
MED1111,A,Levante,LEV-03,DEL024
MED1112,C,Sur,SUR-27,DEL010
MED1113,A,Noreste,NOR-29,DEL026
MED1114,C,Levante,LEV-15,DEL049
MED1115,C,Sur,SUR-02,DEL030
MED1116,C,Noroeste,NOR-18,DEL007
MED1117,B,Sur,SUR-24,DEL005
MED1118,B,Noroeste,NOR-28,DEL002
MED1119,A,Noroeste,NOR-29,DEL007
MED1120,C,Levante,LEV-28,DEL009
MED1121,C,Levante,LEV-15,DEL014
MED1122,C,Levante,LEV-25,DEL009
MED1123,B,Levante,LEV-07,DEL019
MED1124,C,Noroeste,NOR-21,DEL017
MED1125,C,Noroeste,NOR-05,DEL002
MED1126,B,Noreste,NOR-15,DEL046
MED1127,B,Centro,CEN-17,DEL023
MED1128,C,Sur,SUR-24,DEL045
MED1129,C,Centro,CEN-12,DEL013
MED1130,C,Sur,SUR-15,DEL015
MED1131,C,Noroeste,NOR-21,DEL032
MED1132,B,Levante,LEV-13,DEL014
MED1133,C,Noreste,NOR-04,DEL036
MED1134,B,Centro,CEN-08,DEL013
MED1135,C,Centro,CEN-07,DEL043
MED1136,B,Noroeste,NOR-14,DEL017
MED1137,C,Noroeste,NOR-02,DEL047
MED1138,B,Centro,CEN-03,DEL038
MED1139,B,Centro,CEN-29,DEL018
MED1140,C,Noroeste,NOR-28,DEL032
MED1141,B,Noreste,NOR-08,DEL026
MED1142,C,Noroeste,NOR-08,DEL032
MED1143,B,Sur,SUR-29,DEL010
MED1144,B,Levante,LEV-10,DEL039
MED1145,C,Sur,SUR-15,DEL030
MED1146,C,Noroeste,NOR-23,DEL047
MED1147,B,Sur,SUR-04,DEL025
MED1148,B,Noreste,NOR-07,DEL026
MED1149,C,Sur,SUR-16,DEL050
MED1150,B,Noreste,NOR-04,DEL011
MED1151,C,Levante,LEV-14,DEL044
MED1152,C,Noreste,NOR-18,DEL046
MED1153,C,Noreste,NOR-27,DEL026
MED1154,C,Centro,CEN-18,DEL038
MED1155,B,Noroeste,NOR-25,DEL022
MED1156,C,Sur,SUR-06,DEL020
MED1157,C,Noreste,NOR-14,DEL031
MED1158,B,Noreste,NOR-10,DEL011
MED1159,B,Noreste,NOR-16,DEL016
MED1160,C,Centro,CEN-23,DEL018
MED1161,B,Centro,CEN-01,DEL023
MED1162,B,Centro,CEN-08,DEL033
MED1163,C,Noreste,NOR-11,DEL041
MED1164,C,Noreste,NOR-04,DEL011
MED1165,A,Centro,CEN-13,DEL033
MED1166,C,Sur,SUR-27,DEL030
MED1167,B,Noroeste,NOR-24,DEL047
MED1168,C,Noreste,NOR-24,DEL011
MED1169,C,Noreste,NOR-22,DEL001
MED1170,A,Noroeste,NOR-04,DEL022
MED1171,B,Levante,LEV-13,DEL009
MED1172,B,Levante,LEV-16,DEL039
MED1173,C,Noreste,NOR-20,DEL006
MED1174,C,Levante,LEV-11,DEL024
MED1175,B,Centro,CEN-26,DEL038
MED1176,C,Centro,CEN-17,DEL018
MED1177,A,Centro,CEN-03,DEL033
MED1178,C,Levante,LEV-14,DEL044
MED1179,B,Levante,LEV-26,DEL034
MED1180,C,Noroeste,NOR-02,DEL002
MED1181,B,Levante,LEV-16,DEL014
MED1182,C,Centro,CEN-05,DEL008
MED1183,A,Centro,CEN-29,DEL023
MED1184,C,Centro,CEN-01,DEL033
MED1185,B,Centro,CEN-02,DEL048
MED1186,A,Noroeste,NOR-23,DEL047
MED1187,A,Centro,CEN-06,DEL018
MED1188,C,Levante,LEV-16,DEL009
MED1189,C,Levante,LEV-17,DEL049
MED1190,C,Centro,CEN-06,DEL003
MED1191,C,Noroeste,NOR-01,DEL037
MED1192,C,Noroeste,NOR-06,DEL027
MED1193,A,Noreste,NOR-03,DEL041
MED1194,A,Centro,CEN-14,DEL013
MED1195,B,Noroeste,NOR-29,DEL027
MED1196,B,Sur,SUR-14,DEL045
MED1197,C,Centro,CEN-09,DEL048
MED1198,B,Sur,SUR-08,DEL030
MED1199,B,Levante,LEV-24,DEL019
MED1200,A,Centro,CEN-22,DEL033
MED1201,B,Noroeste,NOR-22,DEL022
MED1202,B,Centro,CEN-26,DEL038
MED1203,C,Levante,LEV-24,DEL034
MED1204,C,Centro,CEN-27,DEL028
MED1205,B,Levante,LEV-24,DEL019
MED1206,B,Sur,SUR-17,DEL030
MED1207,C,Noreste,NOR-20,DEL046
MED1208,B,Sur,SUR-03,DEL005
MED1209,B,Centro,CEN-10,DEL038
MED1210,C,Levante,LEV-30,DEL009
MED1211,C,Levante,LEV-12,DEL009
MED1212,B,Noroeste,NOR-20,DEL047
MED1213,B,Centro,CEN-05,DEL033
MED1214,B,Levante,LEV-22,DEL044
MED1215,B,Centro,CEN-10,DEL013
MED1216,C,Sur,SUR-19,DEL050
MED1217,B,Sur,SUR-13,DEL050
MED1218,C,Noroeste,NOR-24,DEL007
MED1219,C,Noreste,NOR-28,DEL036
MED1220,A,Levante,LEV-12,DEL034
MED1221,A,Noroeste,NOR-17,DEL017
MED1222,B,Noreste,NOR-01,DEL026
MED1223,B,Noreste,NOR-06,DEL041
MED1224,C,Levante,LEV-22,DEL039
MED1225,B,Centro,CEN-24,DEL018
MED1226,C,Centro,CEN-11,DEL038
MED1227,A,Centro,CEN-20,DEL033
MED1228,C,Centro,CEN-06,DEL048
MED1229,C,Centro,CEN-04,DEL038
MED1230,B,Noreste,NOR-18,DEL021
MED1231,C,Centro,CEN-10,DEL023
MED1232,C,Sur,SUR-30,DEL040
MED1233,B,Centro,CEN-23,DEL038
MED1234,B,Noreste,NOR-29,DEL001
MED1235,B,Sur,SUR-05,DEL040
MED1236,C,Centro,CEN-21,DEL023
MED1237,B,Noreste,NOR-26,DEL041
MED1238,B,Noreste,NOR-10,DEL006
MED1239,B,Centro,CEN-16,DEL033
MED1240,B,Noroeste,NOR-28,DEL037
MED1241,A,Sur,SUR-27,DEL050
MED1242,B,Centro,CEN-05,DEL013
MED1243,C,Sur,SUR-29,DEL020
MED1244,A,Noroeste,NOR-25,DEL032
MED1245,C,Noreste,NOR-23,DEL001
MED1246,C,Noroeste,NOR-15,DEL042
MED1247,C,Noroeste,NOR-13,DEL012
MED1248,B,Centro,CEN-03,DEL043
MED1249,C,Sur,SUR-19,DEL025
MED1250,B,Noroeste,NOR-20,DEL032
MED1251,C,Centro,CEN-22,DEL043
MED1252,C,Centro,CEN-25,DEL018
MED1253,B,Centro,CEN-30,DEL023
MED1254,C,Centro,CEN-14,DEL033
MED1255,B,Noreste,NOR-12,DEL031
MED1256,C,Noroeste,NOR-10,DEL012
MED1257,B,Levante,LEV-15,DEL049
MED1258,B,Centro,CEN-01,DEL038
MED1259,C,Noreste,NOR-23,DEL001
MED1260,B,Centro,CEN-05,DEL043
MED1261,C,Centro,CEN-04,DEL013
MED1262,C,Centro,CEN-22,DEL013
MED1263,B,Noreste,NOR-23,DEL041
MED1264,C,Noreste,NOR-29,DEL046
MED1265,C,Centro,CEN-28,DEL048
MED1266,B,Noroeste,NOR-07,DEL017
MED1267,C,Sur,SUR-13,DEL050
MED1268,B,Sur,SUR-18,DEL020
MED1269,C,Noreste,NOR-23,DEL016
MED1270,B,Sur,SUR-12,DEL035
MED1271,B,Noreste,NOR-27,DEL041
MED1272,C,Levante,LEV-22,DEL039
MED1273,B,Noreste,NOR-19,DEL001
MED1274,C,Centro,CEN-19,DEL033
MED1275,B,Centro,CEN-29,DEL023
MED1276,B,Noroeste,NOR-20,DEL037
MED1277,B,Centro,CEN-23,DEL033
MED1278,C,Centro,CEN-03,DEL023
MED1279,C,Levante,LEV-10,DEL039
MED1280,C,Sur,SUR-04,DEL010
MED1281,C,Levante,LEV-17,DEL009
MED1282,B,Centro,CEN-24,DEL048
MED1283,B,Centro,CEN-21,DEL003
MED1284,B,Centro,CEN-13,DEL048
MED1285,B,Centro,CEN-08,DEL033
MED1286,C,Centro,CEN-22,DEL038
MED1287,C,Centro,CEN-18,DEL003
MED1288,A,Sur,SUR-08,DEL050
MED1289,B,Levante,LEV-07,DEL014
MED1290,B,Centro,CEN-28,DEL038
MED1291,B,Levante,LEV-11,DEL029
MED1292,C,Noroeste,NOR-21,DEL007
MED1293,B,Centro,CEN-05,DEL028
MED1294,A,Noroeste,NOR-11,DEL032
MED1295,C,Levante,LEV-24,DEL009
MED1296,B,Centro,CEN-21,DEL023
MED1297,C,Noreste,NOR-29,DEL041
MED1298,C,Levante,LEV-25,DEL049
MED1299,B,Noroeste,NOR-08,DEL002
MED1300,C,Sur,SUR-26,DEL005
MED1301,A,Sur,SUR-15,DEL025
MED1302,C,Levante,LEV-14,DEL004
MED1303,B,Centro,CEN-14,DEL028
MED1304,C,Centro,CEN-04,DEL013
MED1305,C,Centro,CEN-26,DEL038
MED1306,C,Noreste,NOR-04,DEL046
MED1307,B,Centro,CEN-03,DEL003
MED1308,A,Levante,LEV-25,DEL004
MED1309,C,Levante,LEV-24,DEL014
MED1310,C,Centro,CEN-13,DEL003
MED1311,C,Noreste,NOR-19,DEL021
MED1312,B,Centro,CEN-18,DEL048
MED1313,B,Levante,LEV-13,DEL049
MED1314,C,Noreste,NOR-12,DEL031
MED1315,C,Sur,SUR-19,DEL010
MED1316,B,Noreste,NOR-14,DEL021
MED1317,B,Noroeste,NOR-19,DEL047
MED1318,B,Levante,LEV-11,DEL009
MED1319,C,Noreste,NOR-08,DEL016
MED1320,C,Noroeste,NOR-29,DEL007
MED1321,C,Levante,LEV-05,DEL004
MED1322,C,Centro,CEN-22,DEL008
MED1323,C,Centro,CEN-15,DEL023
MED1324,C,Noroeste,NOR-09,DEL042
MED1325,C,Noroeste,NOR-02,DEL002
MED1326,A,Sur,SUR-29,DEL010
MED1327,B,Noreste,NOR-28,DEL011
MED1328,C,Levante,LEV-25,DEL034
MED1329,C,Centro,CEN-09,DEL033
MED1330,C,Noreste,NOR-15,DEL031
MED1331,C,Noreste,NOR-04,DEL011
MED1332,C,Noreste,NOR-13,DEL016
MED1333,C,Noreste,NOR-30,DEL006
MED1334,A,Noroeste,NOR-23,DEL037
MED1335,B,Centro,CEN-15,DEL028
MED1336,C,Noreste,NOR-16,DEL046
MED1337,C,Levante,LEV-02,DEL044
MED1338,C,Noreste,NOR-05,DEL026
MED1339,B,Noreste,NOR-12,DEL021
MED1340,C,Centro,CEN-12,DEL018
MED1341,B,Noreste,NOR-21,DEL031
MED1342,C,Levante,LEV-22,DEL024
MED1343,C,Levante,LEV-24,DEL029
MED1344,C,Centro,CEN-02,DEL003
MED1345,C,Levante,LEV-26,DEL024
MED1346,C,Noreste,NOR-26,DEL041
MED1347,A,Noreste,NOR-06,DEL001
MED1348,C,Sur,SUR-24,DEL025
MED1349,C,Noroeste,NOR-14,DEL032
MED1350,B,Centro,CEN-15,DEL023
MED1351,C,Levante,LEV-29,DEL019
MED1352,B,Sur,SUR-08,DEL010
MED1353,C,Noroeste,NOR-02,DEL027
MED1354,C,Sur,SUR-02,DEL025
MED1355,C,Centro,CEN-10,DEL008
MED1356,A,Centro,CEN-18,DEL043
MED1357,C,Centro,CEN-22,DEL013
MED1358,C,Centro,CEN-26,DEL038
MED1359,B,Noreste,NOR-24,DEL031
MED1360,C,Noroeste,NOR-23,DEL032
MED1361,C,Centro,CEN-13,DEL013
MED1362,C,Centro,CEN-06,DEL003
MED1363,C,Noroeste,NOR-18,DEL047
MED1364,B,Centro,CEN-30,DEL018
MED1365,A,Sur,SUR-21,DEL015
MED1366,C,Noreste,NOR-20,DEL001
MED1367,A,Levante,LEV-21,DEL034
MED1368,C,Sur,SUR-18,DEL030
MED1369,A,Noreste,NOR-27,DEL046
MED1370,C,Noroeste,NOR-01,DEL032
MED1371,B,Noreste,NOR-30,DEL026
MED1372,C,Levante,LEV-13,DEL049
MED1373,B,Sur,SUR-24,DEL015
MED1374,C,Noroeste,NOR-01,DEL042
MED1375,B,Noreste,NOR-18,DEL006
MED1376,C,Centro,CEN-02,DEL048
MED1377,B,Noreste,NOR-27,DEL046
MED1378,C,Sur,SUR-30,DEL025
MED1379,B,Sur,SUR-08,DEL020
MED1380,B,Sur,SUR-26,DEL040
MED1381,B,Centro,CEN-03,DEL023
MED1382,C,Noroeste,NOR-22,DEL027
MED1383,C,Centro,CEN-11,DEL028
MED1384,B,Sur,SUR-01,DEL020
MED1385,B,Centro,CEN-16,DEL013
MED1386,C,Noreste,NOR-05,DEL001
MED1387,C,Noreste,NOR-27,DEL016
MED1388,C,Sur,SUR-22,DEL030
MED1389,C,Noroeste,NOR-24,DEL042
MED1390,B,Centro,CEN-29,DEL008
MED1391,B,Centro,CEN-05,DEL048
MED1392,B,Noreste,NOR-29,DEL001
MED1393,C,Noreste,NOR-20,DEL006
MED1394,B,Levante,LEV-25,DEL019
MED1395,A,Centro,CEN-03,DEL048
MED1396,B,Levante,LEV-28,DEL044
MED1397,C,Sur,SUR-02,DEL045
MED1398,C,Centro,CEN-28,DEL038
MED1399,A,Levante,LEV-17,DEL049
MED1400,B,Levante,LEV-26,DEL034
MED1401,C,Noreste,NOR-16,DEL036
MED1402,C,Noreste,NOR-22,DEL046
MED1403,B,Centro,CEN-04,DEL043
MED1404,A,Levante,LEV-25,DEL024
MED1405,A,Noroeste,NOR-05,DEL022
MED1406,C,Levante,LEV-16,DEL009
MED1407,B,Sur,SUR-25,DEL015
MED1408,A,Centro,CEN-20,DEL028
MED1409,C,Centro,CEN-20,DEL033
MED1410,C,Centro,CEN-27,DEL023
MED1411,B,Centro,CEN-07,DEL018
MED1412,B,Centro,CEN-29,DEL018
MED1413,B,Sur,SUR-05,DEL025
MED1414,B,Sur,SUR-29,DEL045
MED1415,C,Centro,CEN-04,DEL003
MED1416,B,Noreste,NOR-07,DEL046
MED1417,C,Centro,CEN-17,DEL038
MED1418,B,Noreste,NOR-04,DEL036
MED1419,A,Noreste,NOR-06,DEL046
MED1420,C,Levante,LEV-05,DEL049
MED1421,C,Sur,SUR-19,DEL020
MED1422,B,Noroeste,NOR-22,DEL002
MED1423,C,Noreste,NOR-20,DEL021
MED1424,A,Noreste,NOR-26,DEL001
MED1425,C,Centro,CEN-25,DEL028
MED1426,C,Levante,LEV-01,DEL019
MED1427,C,Noreste,NOR-24,DEL036
MED1428,B,Noroeste,NOR-16,DEL022
MED1429,C,Noreste,NOR-12,DEL046
MED1430,A,Centro,CEN-02,DEL048
MED1431,B,Noroeste,NOR-26,DEL027
MED1432,A,Noroeste,NOR-22,DEL017
MED1433,B,Sur,SUR-16,DEL020
MED1434,C,Noreste,NOR-17,DEL006
MED1435,A,Levante,LEV-25,DEL044
MED1436,A,Centro,CEN-08,DEL033
MED1437,A,Levante,LEV-16,DEL019
MED1438,A,Noreste,NOR-19,DEL036
MED1439,C,Levante,LEV-17,DEL014
MED1440,B,Centro,CEN-19,DEL033
MED1441,C,Centro,CEN-20,DEL008
MED1442,C,Sur,SUR-15,DEL015
MED1443,B,Centro,CEN-27,DEL018
MED1444,C,Noreste,NOR-21,DEL041
MED1445,B,Noreste,NOR-30,DEL001
MED1446,A,Noreste,NOR-26,DEL021
MED1447,C,Levante,LEV-25,DEL014
MED1448,B,Sur,SUR-09,DEL030
MED1449,A,Noreste,NOR-30,DEL031
MED1450,C,Sur,SUR-04,DEL045
MED1451,B,Noreste,NOR-28,DEL006
MED1452,B,Noroeste,NOR-03,DEL022
MED1453,C,Noreste,NOR-07,DEL006
MED1454,B,Levante,LEV-15,DEL039
MED1455,B,Noreste,NOR-04,DEL016
MED1456,A,Noreste,NOR-27,DEL016
MED1457,C,Centro,CEN-20,DEL048
MED1458,B,Levante,LEV-26,DEL029
MED1459,A,Centro,CEN-20,DEL038
MED1460,C,Levante,LEV-28,DEL024
MED1461,B,Noreste,NOR-14,DEL036
MED1462,C,Sur,SUR-08,DEL025
MED1463,C,Centro,CEN-26,DEL033
MED1464,A,Noreste,NOR-23,DEL041
MED1465,C,Noreste,NOR-12,DEL016
MED1466,B,Noreste,NOR-02,DEL016
MED1467,C,Sur,SUR-27,DEL015
MED1468,C,Sur,SUR-01,DEL020
MED1469,B,Levante,LEV-07,DEL029
MED1470,A,Noreste,NOR-09,DEL026
MED1471,C,Levante,LEV-22,DEL034
MED1472,C,Noreste,NOR-06,DEL041
MED1473,C,Levante,LEV-27,DEL039
MED1474,C,Noreste,NOR-25,DEL021
MED1475,B,Centro,CEN-15,DEL033
MED1476,A,Noroeste,NOR-10,DEL042
MED1477,C,Noreste,NOR-27,DEL016
MED1478,C,Noreste,NOR-21,DEL036
MED1479,B,Levante,LEV-09,DEL034
MED1480,C,Sur,SUR-19,DEL015
MED1481,C,Noreste,NOR-21,DEL021
MED1482,C,Noreste,NOR-01,DEL041
MED1483,C,Levante,LEV-26,DEL009
MED1484,C,Centro,CEN-17,DEL013
MED1485,C,Noroeste,NOR-15,DEL002
MED1486,C,Noreste,NOR-06,DEL006
MED1487,C,Noreste,NOR-20,DEL031
MED1488,B,Centro,CEN-09,DEL028
MED1489,B,Sur,SUR-30,DEL040
MED1490,C,Centro,CEN-13,DEL028
MED1491,A,Levante,LEV-30,DEL009
MED1492,A,Centro,CEN-28,DEL003
MED1493,C,Noroeste,NOR-13,DEL022
MED1494,B,Centro,CEN-19,DEL023
MED1495,B,Noroeste,NOR-21,DEL012
MED1496,B,Noroeste,NOR-29,DEL022
MED1497,A,Centro,CEN-25,DEL023
MED1498,C,Noroeste,NOR-02,DEL007
MED1499,B,Noroeste,NOR-16,DEL017
MED1500,B,Levante,LEV-08,DEL004
MED1501,B,Noreste,NOR-26,DEL011
MED1502,C,Noroeste,NOR-19,DEL042
MED1503,A,Sur,SUR-18,DEL020
MED1504,C,Noroeste,NOR-17,DEL007
MED1505,C,Levante,LEV-21,DEL049
MED1506,C,Noreste,NOR-07,DEL036
MED1507,B,Levante,LEV-01,DEL049
MED1508,B,Centro,CEN-19,DEL028
MED1509,B,Centro,CEN-16,DEL033
MED1510,B,Noreste,NOR-26,DEL036
MED1511,C,Noroeste,NOR-24,DEL022
MED1512,C,Levante,LEV-18,DEL014
MED1513,B,Noreste,NOR-26,DEL011
MED1514,B,Levante,LEV-04,DEL004
MED1515,C,Noreste,NOR-30,DEL036
MED1516,C,Noroeste,NOR-10,DEL007
MED1517,A,Noreste,NOR-17,DEL016
MED1518,C,Sur,SUR-29,DEL020
MED1519,B,Noroeste,NOR-20,DEL037
MED1520,B,Noreste,NOR-11,DEL036
MED1521,A,Noroeste,NOR-06,DEL002
MED1522,B,Sur,SUR-30,DEL025
MED1523,C,Centro,CEN-07,DEL013
MED1524,C,Levante,LEV-25,DEL014
MED1525,C,Levante,LEV-03,DEL019
MED1526,A,Noroeste,NOR-10,DEL042
MED1527,C,Sur,SUR-05,DEL050
MED1528,C,Sur,SUR-05,DEL035
MED1529,B,Levante,LEV-13,DEL044
MED1530,B,Centro,CEN-05,DEL003
MED1531,C,Centro,CEN-20,DEL003
MED1532,C,Noreste,NOR-21,DEL026
MED1533,C,Levante,LEV-05,DEL049
MED1534,B,Noroeste,NOR-17,DEL022
MED1535,C,Noreste,NOR-06,DEL001
MED1536,B,Levante,LEV-22,DEL029
MED1537,C,Centro,CEN-19,DEL033
MED1538,C,Noroeste,NOR-05,DEL042
MED1539,B,Levante,LEV-23,DEL029
MED1540,A,Noreste,NOR-30,DEL006
MED1541,A,Noroeste,NOR-21,DEL017
MED1542,A,Levante,LEV-03,DEL049
MED1543,B,Noreste,NOR-14,DEL016
MED1544,C,Levante,LEV-28,DEL029
MED1545,A,Centro,CEN-20,DEL018
MED1546,B,Noreste,NOR-11,DEL036
MED1547,B,Noreste,NOR-24,DEL026
MED1548,C,Levante,LEV-07,DEL019
MED1549,C,Levante,LEV-02,DEL034
MED1550,B,Centro,CEN-26,DEL048
MED1551,B,Centro,CEN-27,DEL013
MED1552,B,Noroeste,NOR-29,DEL042
MED1553,A,Levante,LEV-08,DEL009
MED1554,C,Noroeste,NOR-05,DEL007
MED1555,C,Sur,SUR-06,DEL005
MED1556,B,Levante,LEV-02,DEL019
MED1557,C,Noreste,NOR-28,DEL031
MED1558,B,Sur,SUR-23,DEL010
MED1559,B,Levante,LEV-20,DEL019
MED1560,B,Centro,CEN-29,DEL003
MED1561,B,Centro,CEN-06,DEL003
MED1562,B,Noreste,NOR-03,DEL001
MED1563,A,Levante,LEV-10,DEL024
MED1564,B,Levante,LEV-17,DEL034
MED1565,B,Noroeste,NOR-28,DEL032
MED1566,C,Centro,CEN-13,DEL033
MED1567,B,Sur,SUR-08,DEL030
MED1568,B,Centro,CEN-01,DEL033
MED1569,A,Centro,CEN-29,DEL023
MED1570,B,Noroeste,NOR-05,DEL012
MED1571,C,Noroeste,NOR-10,DEL002
MED1572,A,Noreste,NOR-01,DEL011
MED1573,C,Centro,CEN-05,DEL048
MED1574,B,Levante,LEV-30,DEL014
MED1575,A,Centro,CEN-11,DEL013
MED1576,B,Levante,LEV-26,DEL014
MED1577,C,Noroeste,NOR-24,DEL047
MED1578,B,Sur,SUR-30,DEL005
MED1579,B,Centro,CEN-06,DEL033
MED1580,C,Noroeste,NOR-03,DEL042
MED1581,C,Sur,SUR-03,DEL030
MED1582,A,Centro,CEN-08,DEL038
MED1583,C,Noroeste,NOR-29,DEL012
MED1584,A,Noroeste,NOR-25,DEL017
MED1585,B,Levante,LEV-25,DEL034
MED1586,B,Centro,CEN-19,DEL033
MED1587,B,Sur,SUR-29,DEL015
MED1588,B,Levante,LEV-15,DEL004
MED1589,B,Noroeste,NOR-27,DEL027
MED1590,B,Levante,LEV-12,DEL049
MED1591,B,Centro,CEN-15,DEL048
MED1592,A,Centro,CEN-29,DEL018
MED1593,B,Centro,CEN-11,DEL003
MED1594,C,Noreste,NOR-29,DEL036
MED1595,A,Noroeste,NOR-01,DEL042
MED1596,C,Noreste,NOR-26,DEL026
MED1597,C,Centro,CEN-10,DEL008
MED1598,B,Centro,CEN-18,DEL048
MED1599,C,Centro,CEN-17,DEL018
MED1600,A,Levante,LEV-03,DEL049
MED1601,A,Sur,SUR-17,DEL045
MED1602,C,Noroeste,NOR-04,DEL027
MED1603,C,Noreste,NOR-30,DEL031
MED1604,C,Noroeste,NOR-18,DEL047
MED1605,B,Noroeste,NOR-27,DEL012
MED1606,C,Sur,SUR-23,DEL020
MED1607,C,Centro,CEN-07,DEL013
MED1608,C,Noroeste,NOR-20,DEL032
MED1609,A,Noroeste,NOR-07,DEL032
MED1610,B,Noroeste,NOR-17,DEL007
MED1611,C,Noroeste,NOR-19,DEL007
MED1612,C,Levante,LEV-24,DEL039
MED1613,C,Levante,LEV-17,DEL019
MED1614,C,Levante,LEV-22,DEL044
MED1615,A,Sur,SUR-04,DEL010
MED1616,A,Sur,SUR-21,DEL010
MED1617,B,Levante,LEV-07,DEL014
MED1618,C,Noroeste,NOR-12,DEL007
MED1619,C,Sur,SUR-13,DEL030
MED1620,A,Noroeste,NOR-05,DEL032
MED1621,A,Centro,CEN-07,DEL038
MED1622,B,Noroeste,NOR-03,DEL007
MED1623,A,Noreste,NOR-09,DEL016
MED1624,A,Levante,LEV-21,DEL024
MED1625,B,Centro,CEN-19,DEL003
MED1626,C,Levante,LEV-15,DEL024
MED1627,C,Centro,CEN-09,DEL018
MED1628,C,Noroeste,NOR-10,DEL047
MED1629,C,Levante,LEV-29,DEL024
MED1630,C,Noreste,NOR-02,DEL031
MED1631,B,Centro,CEN-22,DEL013
MED1632,A,Centro,CEN-10,DEL003
MED1633,A,Centro,CEN-01,DEL018
MED1634,B,Centro,CEN-26,DEL008
MED1635,A,Centro,CEN-26,DEL043
MED1636,C,Levante,LEV-03,DEL029
MED1637,C,Noreste,NOR-26,DEL046
MED1638,C,Levante,LEV-16,DEL044
MED1639,B,Sur,SUR-16,DEL015
MED1640,C,Noroeste,NOR-03,DEL017
MED1641,A,Centro,CEN-18,DEL043
MED1642,B,Centro,CEN-07,DEL013
MED1643,C,Noreste,NOR-02,DEL011
MED1644,B,Noroeste,NOR-29,DEL047
MED1645,B,Noreste,NOR-01,DEL026
MED1646,B,Sur,SUR-28,DEL010
MED1647,A,Sur,SUR-08,DEL030
MED1648,C,Sur,SUR-18,DEL010
MED1649,A,Levante,LEV-22,DEL004
MED1650,B,Noroeste,NOR-19,DEL042
MED1651,C,Centro,CEN-04,DEL038
MED1652,C,Noroeste,NOR-24,DEL012
MED1653,B,Levante,LEV-23,DEL034
MED1654,C,Noreste,NOR-14,DEL011
MED1655,B,Levante,LEV-11,DEL029
MED1656,B,Noreste,NOR-17,DEL016
MED1657,C,Sur,SUR-20,DEL030
MED1658,A,Noreste,NOR-02,DEL011
MED1659,C,Levante,LEV-18,DEL034
MED1660,C,Noreste,NOR-23,DEL041
MED1661,C,Levante,LEV-03,DEL029
MED1662,C,Centro,CEN-26,DEL028
MED1663,C,Noreste,NOR-10,DEL041
MED1664,C,Noroeste,NOR-30,DEL037
MED1665,C,Sur,SUR-26,DEL035
MED1666,C,Centro,CEN-27,DEL048
MED1667,C,Noroeste,NOR-16,DEL042
MED1668,C,Sur,SUR-24,DEL040
MED1669,B,Noroeste,NOR-11,DEL032
MED1670,B,Sur,SUR-13,DEL035
MED1671,B,Noroeste,NOR-01,DEL042
MED1672,C,Noroeste,NOR-09,DEL017
MED1673,B,Noreste,NOR-01,DEL026
MED1674,A,Noroeste,NOR-28,DEL002
MED1675,A,Sur,SUR-11,DEL015
MED1676,A,Noreste,NOR-19,DEL031
MED1677,C,Noroeste,NOR-04,DEL012
MED1678,A,Centro,CEN-17,DEL043
MED1679,C,Sur,SUR-15,DEL040
MED1680,C,Centro,CEN-28,DEL018
MED1681,B,Noroeste,NOR-01,DEL022
MED1682,C,Noreste,NOR-26,DEL006
MED1683,C,Centro,CEN-08,DEL033
MED1684,C,Levante,LEV-17,DEL039
MED1685,A,Centro,CEN-17,DEL008
MED1686,B,Noreste,NOR-18,DEL036
MED1687,B,Noreste,NOR-09,DEL011
MED1688,C,Noreste,NOR-18,DEL031
MED1689,C,Sur,SUR-22,DEL005
MED1690,C,Sur,SUR-09,DEL025
MED1691,B,Noroeste,NOR-08,DEL027
MED1692,C,Centro,CEN-22,DEL048
MED1693,B,Noreste,NOR-27,DEL016
MED1694,C,Levante,LEV-23,DEL049
MED1695,C,Centro,CEN-10,DEL023
MED1696,C,Noroeste,NOR-01,DEL012
MED1697,C,Noreste,NOR-28,DEL021
MED1698,A,Centro,CEN-04,DEL018
MED1699,C,Sur,SUR-14,DEL010
MED1700,A,Sur,SUR-10,DEL020
MED1701,C,Levante,LEV-06,DEL014
MED1702,B,Levante,LEV-28,DEL009
MED1703,B,Sur,SUR-28,DEL010
MED1704,B,Sur,SUR-06,DEL035
MED1705,B,Levante,LEV-02,DEL004
MED1706,C,Sur,SUR-22,DEL020
MED1707,B,Noroeste,NOR-18,DEL007
MED1708,C,Noroeste,NOR-15,DEL027
MED1709,C,Centro,CEN-21,DEL023
MED1710,B,Centro,CEN-16,DEL038
MED1711,C,Noreste,NOR-19,DEL006
MED1712,B,Levante,LEV-01,DEL014
MED1713,C,Centro,CEN-07,DEL013
MED1714,B,Levante,LEV-18,DEL039
MED1715,C,Noroeste,NOR-30,DEL017
MED1716,B,Noreste,NOR-07,DEL016
MED1717,A,Centro,CEN-03,DEL048
MED1718,C,Noreste,NOR-09,DEL046
MED1719,C,Sur,SUR-12,DEL040
MED1720,A,Noreste,NOR-30,DEL016
MED1721,A,Noroeste,NOR-02,DEL047
MED1722,C,Centro,CEN-16,DEL043
MED1723,C,Centro,CEN-06,DEL013
MED1724,C,Levante,LEV-12,DEL014
MED1725,C,Centro,CEN-15,DEL048
MED1726,C,Sur,SUR-26,DEL010
MED1727,B,Centro,CEN-13,DEL048
MED1728,C,Sur,SUR-22,DEL005
MED1729,B,Noreste,NOR-29,DEL006
MED1730,C,Noroeste,NOR-19,DEL017
MED1731,C,Levante,LEV-29,DEL024
MED1732,C,Noroeste,NOR-08,DEL037
MED1733,C,Centro,CEN-14,DEL048
MED1734,B,Noroeste,NOR-12,DEL022
MED1735,B,Levante,LEV-20,DEL049
MED1736,B,Noreste,NOR-06,DEL001
MED1737,C,Centro,CEN-06,DEL048
MED1738,C,Levante,LEV-04,DEL014
MED1739,C,Centro,CEN-10,DEL003
MED1740,B,Sur,SUR-10,DEL010
MED1741,C,Noroeste,NOR-23,DEL002
MED1742,C,Centro,CEN-04,DEL043
MED1743,C,Centro,CEN-14,DEL008
MED1744,C,Noreste,NOR-02,DEL001
MED1745,C,Centro,CEN-03,DEL043
MED1746,A,Levante,LEV-29,DEL034
MED1747,A,Noroeste,NOR-05,DEL042
MED1748,C,Levante,LEV-22,DEL019
MED1749,A,Noroeste,NOR-16,DEL012
MED1750,C,Noroeste,NOR-26,DEL027
MED1751,C,Centro,CEN-13,DEL003
MED1752,B,Sur,SUR-01,DEL015
MED1753,C,Centro,CEN-12,DEL048
MED1754,C,Centro,CEN-30,DEL018
MED1755,C,Levante,LEV-05,DEL019
MED1756,A,Levante,LEV-20,DEL049
MED1757,C,Sur,SUR-13,DEL035
MED1758,B,Sur,SUR-20,DEL005
MED1759,C,Centro,CEN-29,DEL003
MED1760,C,Sur,SUR-24,DEL025
MED1761,C,Noreste,NOR-27,DEL021
MED1762,C,Levante,LEV-10,DEL044
MED1763,B,Centro,CEN-10,DEL023
MED1764,B,Noreste,NOR-26,DEL046
MED1765,C,Levante,LEV-11,DEL049
MED1766,B,Levante,LEV-22,DEL014
MED1767,C,Centro,CEN-17,DEL018
MED1768,A,Centro,CEN-11,DEL023
MED1769,A,Sur,SUR-14,DEL035
MED1770,C,Centro,CEN-02,DEL033
MED1771,C,Noreste,NOR-21,DEL016
MED1772,C,Levante,LEV-17,DEL044
MED1773,C,Levante,LEV-10,DEL044
MED1774,B,Levante,LEV-07,DEL019
MED1775,A,Levante,LEV-22,DEL024
MED1776,C,Sur,SUR-30,DEL005
MED1777,A,Noreste,NOR-28,DEL031
MED1778,B,Levante,LEV-11,DEL039
MED1779,A,Centro,CEN-19,DEL018
MED1780,B,Levante,LEV-08,DEL004
MED1781,B,Centro,CEN-08,DEL038
MED1782,B,Centro,CEN-07,DEL008
MED1783,B,Sur,SUR-10,DEL035
MED1784,B,Sur,SUR-10,DEL040
MED1785,C,Levante,LEV-27,DEL029
MED1786,C,Levante,LEV-13,DEL029
MED1787,B,Sur,SUR-04,DEL035
MED1788,C,Sur,SUR-07,DEL050
MED1789,B,Sur,SUR-19,DEL015
MED1790,C,Sur,SUR-05,DEL015
MED1791,C,Noreste,NOR-17,DEL011
MED1792,C,Noroeste,NOR-22,DEL022
MED1793,A,Noroeste,NOR-04,DEL027
MED1794,C,Noreste,NOR-14,DEL046
MED1795,B,Noreste,NOR-28,DEL016
MED1796,C,Levante,LEV-08,DEL029
MED1797,A,Sur,SUR-07,DEL020
MED1798,C,Noroeste,NOR-27,DEL022
MED1799,B,Centro,CEN-23,DEL048
MED1800,B,Noroeste,NOR-28,DEL002
MED1801,C,Centro,CEN-18,DEL043
MED1802,C,Sur,SUR-07,DEL015
MED1803,B,Noroeste,NOR-01,DEL037
MED1804,C,Noroeste,NOR-30,DEL017
MED1805,B,Levante,LEV-13,DEL049
MED1806,B,Levante,LEV-15,DEL034
MED1807,C,Sur,SUR-18,DEL010
MED1808,A,Centro,CEN-02,DEL038
MED1809,A,Noreste,NOR-10,DEL041
MED1810,B,Sur,SUR-24,DEL035
MED1811,C,Centro,CEN-09,DEL023
MED1812,C,Sur,SUR-29,DEL035
MED1813,C,Centro,CEN-28,DEL008
MED1814,C,Noreste,NOR-17,DEL046
MED1815,A,Centro,CEN-10,DEL003
MED1816,C,Centro,CEN-25,DEL013
MED1817,B,Noreste,NOR-25,DEL016
MED1818,A,Levante,LEV-26,DEL009
MED1819,C,Sur,SUR-26,DEL010
MED1820,B,Noreste,NOR-26,DEL011
MED1821,C,Centro,CEN-15,DEL038
MED1822,C,Noreste,NOR-03,DEL011
MED1823,B,Levante,LEV-02,DEL029
MED1824,B,Centro,CEN-13,DEL033
MED1825,A,Levante,LEV-27,DEL044
MED1826,C,Noroeste,NOR-04,DEL007
MED1827,B,Centro,CEN-05,DEL048
MED1828,C,Noreste,NOR-21,DEL001
MED1829,B,Noreste,NOR-28,DEL011
MED1830,C,Noroeste,NOR-02,DEL037
MED1831,C,Centro,CEN-19,DEL038
MED1832,C,Noreste,NOR-29,DEL006
MED1833,C,Centro,CEN-25,DEL013
MED1834,C,Centro,CEN-08,DEL003
MED1835,A,Levante,LEV-13,DEL049
MED1836,B,Noroeste,NOR-09,DEL022
MED1837,A,Levante,LEV-26,DEL009
MED1838,B,Noroeste,NOR-26,DEL037
MED1839,C,Sur,SUR-21,DEL050
MED1840,B,Noroeste,NOR-22,DEL042
MED1841,C,Levante,LEV-18,DEL039
MED1842,A,Sur,SUR-14,DEL025
MED1843,B,Noroeste,NOR-25,DEL022
MED1844,A,Noroeste,NOR-21,DEL012
MED1845,C,Noreste,NOR-14,DEL001
MED1846,C,Levante,LEV-15,DEL004
MED1847,C,Levante,LEV-24,DEL034
MED1848,C,Noroeste,NOR-10,DEL047
MED1849,B,Noreste,NOR-17,DEL021
MED1850,B,Sur,SUR-04,DEL020
MED1851,B,Levante,LEV-28,DEL004
MED1852,B,Centro,CEN-18,DEL038
MED1853,C,Noreste,NOR-11,DEL011
MED1854,B,Noreste,NOR-12,DEL026
MED1855,B,Noreste,NOR-07,DEL006
MED1856,C,Noreste,NOR-23,DEL046
MED1857,C,Noreste,NOR-10,DEL031
MED1858,C,Centro,CEN-14,DEL033
MED1859,C,Levante,LEV-28,DEL019
MED1860,A,Sur,SUR-11,DEL050
MED1861,A,Levante,LEV-16,DEL039
MED1862,C,Centro,CEN-27,DEL028
MED1863,B,Noreste,NOR-30,DEL001
MED1864,A,Levante,LEV-30,DEL029
MED1865,B,Noroeste,NOR-07,DEL037
MED1866,B,Levante,LEV-10,DEL034
MED1867,B,Levante,LEV-30,DEL044
MED1868,B,Levante,LEV-27,DEL024
MED1869,B,Centro,CEN-03,DEL048
MED1870,C,Noreste,NOR-14,DEL036
MED1871,C,Sur,SUR-26,DEL030
MED1872,B,Centro,CEN-27,DEL033
MED1873,C,Levante,LEV-08,DEL044
MED1874,B,Noreste,NOR-03,DEL011
MED1875,A,Noroeste,NOR-10,DEL017
MED1876,A,Noreste,NOR-24,DEL001
MED1877,C,Levante,LEV-03,DEL034
MED1878,C,Centro,CEN-25,DEL018
MED1879,B,Levante,LEV-17,DEL009
MED1880,B,Centro,CEN-08,DEL048
MED1881,C,Noroeste,NOR-01,DEL017
MED1882,C,Levante,LEV-29,DEL009
MED1883,B,Noreste,NOR-21,DEL011
MED1884,B,Noreste,NOR-30,DEL006
MED1885,B,Centro,CEN-19,DEL023
MED1886,B,Noreste,NOR-12,DEL041
MED1887,C,Centro,CEN-13,DEL008
MED1888,B,Noroeste,NOR-02,DEL017
MED1889,C,Noreste,NOR-03,DEL011
MED1890,B,Centro,CEN-10,DEL013
MED1891,B,Sur,SUR-06,DEL025
MED1892,C,Noreste,NOR-26,DEL026
MED1893,A,Noreste,NOR-23,DEL001
MED1894,B,Noroeste,NOR-16,DEL037
MED1895,C,Noreste,NOR-08,DEL006
MED1896,C,Noroeste,NOR-12,DEL017
MED1897,C,Noreste,NOR-05,DEL026
MED1898,C,Sur,SUR-16,DEL045
MED1899,C,Centro,CEN-03,DEL028
MED1900,B,Sur,SUR-27,DEL040
MED1901,B,Levante,LEV-04,DEL024
MED1902,B,Levante,LEV-24,DEL049
MED1903,C,Levante,LEV-07,DEL034
MED1904,C,Levante,LEV-05,DEL004
MED1905,B,Levante,LEV-23,DEL039
MED1906,B,Levante,LEV-09,DEL029
MED1907,C,Noroeste,NOR-03,DEL037
MED1908,C,Levante,LEV-13,DEL009
MED1909,C,Noreste,NOR-23,DEL001
MED1910,B,Sur,SUR-06,DEL025
MED1911,B,Noreste,NOR-02,DEL046
MED1912,B,Noroeste,NOR-15,DEL007
MED1913,B,Noreste,NOR-21,DEL011
MED1914,C,Centro,CEN-16,DEL033
MED1915,C,Noreste,NOR-01,DEL001
MED1916,C,Noroeste,NOR-30,DEL012
MED1917,C,Centro,CEN-19,DEL028
MED1918,C,Centro,CEN-03,DEL033
MED1919,B,Noroeste,NOR-06,DEL042
MED1920,C,Centro,CEN-17,DEL013
MED1921,C,Noreste,NOR-23,DEL026
MED1922,B,Noreste,NOR-05,DEL046
MED1923,B,Noreste,NOR-13,DEL016
MED1924,B,Sur,SUR-06,DEL050
MED1925,B,Noroeste,NOR-10,DEL032
MED1926,B,Centro,CEN-01,DEL048
MED1927,C,Centro,CEN-01,DEL043
MED1928,C,Centro,CEN-16,DEL023
MED1929,C,Levante,LEV-01,DEL009
MED1930,C,Levante,LEV-11,DEL049
MED1931,A,Sur,SUR-03,DEL025
MED1932,B,Centro,CEN-06,DEL018
MED1933,B,Sur,SUR-12,DEL015
MED1934,C,Centro,CEN-20,DEL043
MED1935,B,Centro,CEN-08,DEL023
MED1936,C,Noreste,NOR-13,DEL026
MED1937,C,Centro,CEN-30,DEL033
MED1938,C,Sur,SUR-06,DEL005
MED1939,C,Noroeste,NOR-19,DEL017
MED1940,A,Noreste,NOR-01,DEL031
MED1941,C,Levante,LEV-04,DEL044
MED1942,B,Noroeste,NOR-12,DEL027
MED1943,C,Noreste,NOR-17,DEL046
MED1944,A,Noroeste,NOR-18,DEL002
MED1945,A,Noreste,NOR-10,DEL021
MED1946,B,Centro,CEN-28,DEL018
MED1947,C,Noroeste,NOR-26,DEL047
MED1948,C,Noreste,NOR-24,DEL011
MED1949,C,Sur,SUR-24,DEL045
MED1950,B,Noreste,NOR-11,DEL046
MED1951,B,Levante,LEV-27,DEL039
MED1952,B,Noreste,NOR-17,DEL046
MED1953,C,Levante,LEV-17,DEL029
MED1954,C,Noreste,NOR-06,DEL041
MED1955,A,Noroeste,NOR-18,DEL012
MED1956,C,Levante,LEV-29,DEL019
MED1957,C,Levante,LEV-02,DEL019
MED1958,A,Noreste,NOR-03,DEL021
MED1959,B,Noreste,NOR-03,DEL001
MED1960,C,Levante,LEV-13,DEL004
MED1961,C,Levante,LEV-04,DEL009
MED1962,B,Noroeste,NOR-01,DEL047
MED1963,B,Centro,CEN-02,DEL018
MED1964,C,Noreste,NOR-19,DEL026
MED1965,C,Noreste,NOR-15,DEL031
MED1966,C,Sur,SUR-26,DEL030
MED1967,C,Levante,LEV-28,DEL004
MED1968,C,Sur,SUR-27,DEL015
MED1969,C,Centro,CEN-23,DEL048
MED1970,B,Noreste,NOR-24,DEL001
MED1971,B,Levante,LEV-16,DEL009
MED1972,C,Centro,CEN-28,DEL028
MED1973,A,Sur,SUR-18,DEL005
MED1974,C,Sur,SUR-19,DEL010
MED1975,A,Noreste,NOR-08,DEL001
MED1976,B,Sur,SUR-11,DEL020
MED1977,A,Noreste,NOR-24,DEL011
MED1978,C,Sur,SUR-12,DEL015
MED1979,B,Levante,LEV-18,DEL029
MED1980,C,Centro,CEN-17,DEL043
MED1981,C,Centro,CEN-14,DEL008
MED1982,C,Sur,SUR-02,DEL020
MED1983,B,Noreste,NOR-11,DEL046
MED1984,A,Noreste,NOR-14,DEL001
MED1985,B,Noreste,NOR-29,DEL046
MED1986,B,Centro,CEN-30,DEL048
MED1987,C,Sur,SUR-08,DEL030
MED1988,A,Noreste,NOR-19,DEL011
MED1989,B,Levante,LEV-16,DEL019
MED1990,C,Sur,SUR-27,DEL030
MED1991,C,Levante,LEV-01,DEL039
MED1992,C,Levante,LEV-16,DEL004
MED1993,C,Centro,CEN-30,DEL048
MED1994,B,Noroeste,NOR-29,DEL012
MED1995,B,Centro,CEN-27,DEL023
MED1996,B,Centro,CEN-01,DEL033
MED1997,B,Sur,SUR-10,DEL040
MED1998,B,Sur,SUR-29,DEL020
MED1999,B,Noreste,NOR-16,DEL026
MED2000,C,Centro,CEN-21,DEL023
